nom,poperm2013,propdivo,propmari,propchom,propsoc,propnaiss,propdec,croissance
appenzellext,53691,0.0021605110726192474,0.004209271572516809,0.009351350009002123,0.01981710156264551,0.009275297535899871,1.7275330196680769e-7,1.0069471606041982
appenzellint,15778,0.0015211053365445557,0.004499936620610977,0.007716440613512485,0.011028013689948029,0.011408290024084168,7.230504515201019e-7,1.0048168335657244
argovie     ,636362,0.0019202906521759628,0.004907584048073266,0.015630909241385674,0.02003576580625493,0.010093311668515719,1.5860959121562442e-8,1.014009321738256
Balecampagne,278656,0.0020024689940284796,0.004518115525953146,0.014205089190016831,0.025834720946256315,0.008540996784565916,3.0650683224355174e-8,1.0094919901240238
baleville   ,189335,0.0021760371827712786,0.004959463385005414,0.01850511879296839,0.0600892597776428,0.010003433068370877,5.283456871878352e-8,1.0065756463411413
berne       ,1001281,0.0021592340212188187,0.004920696587671193,0.012709136263113652,0.0420521312199073,0.009574734764766335,9.562485221197981e-9,1.008126589838417
fribourg    ,297622,0.0020730994348536064,0.004441875936590709,0.01411270000201598,0.02454791648466847,0.010637654474467613,3.5742164471939616e-8,1.0193366081808468
geneve      ,469433,0.0026052706136978016,0.004888876580896528,0.027274392724840394,0.05339846154829336,0.011006895552719984,2.344721302660866e-8,1.0169395845626532
glaris      ,39593,0.0017427323011643472,0.004344202257974894,0.013891344429570884,0.01985199403935039,0.009900740029803248,2.500628906575215e-7,1.0050766549642614
grisons     ,194959,0.0016772757348981068,0.004411183889946092,0.009590477997938027,0.011925584353633329,0.009048056257982448,4.6410046512253595e-8,1.0047548458906745
jura        ,71738,0.0023279154701831666,0.003917031419889041,0.018861458827027937,0.025286459059354876,0.0094789372438596,1.3213272246033623e-7,1.0093674203351084
lucerne     ,390349,0.0017189745586641697,0.005008338691786069,0.010709220039844678,0.021178483869562878,0.010413757944813487,2.66780699958588e-8,1.0109005018585933
neuchatel   ,176402,0.002862779333567647,0.004217639255790751,0.0264452783982041,0.07175655604811737,0.009727780864162539,5.514552479088978e-8,1.0052437047199012
nidwald     ,41888,0.0017188693659281895,0.005156608097784569,0.005618156353450463,0.009000190985485103,0.009358288770053475,2.2341216506048213e-7,1.004583651642475
obwald      ,36507,0.0012874243295806283,0.004492289150026022,0.005222742670355466,0.011203330868052702,0.00931328238420029,2.5510949637604545e-7,1.0089571862930398
saintgall   ,491699,0.00190563739198168,0.0051616944512801535,0.013282177375453947,0.02194025206477947,0.010396604426691939,2.1144245619153056e-8,1.0083892788067497
Schaffhouse ,78783,0.0020055088026604724,0.004315651853826333,0.014589653436232055,0.023799550664483454,0.00931673076678979,1.1825813648616821e-7,1.0080474213980173
schwytz     ,151396,0.0018164284393246848,0.005198287933631008,0.008329700476454663,0.014855082036513515,0.01018520964886787,6.727528896977378e-8,1.0090028798647257
soleure     ,261437,0.0021840825896869993,0.004582365923721585,0.014857945381360213,0.03436009440132805,0.009076756541728983,3.4718714419645966e-8,1.0087286803321642
tessin      ,346539,0.002022860341837427,0.004570914096248907,0.020952668146057642,0.023760673401839332,0.008201097134810223,2.3665726324627885e-8,1.0110348330202372
thurgovie   ,260278,0.001771183119587518,0.0048525038612560415,0.01347917739237788,0.016140434458540482,0.009562852027447576,3.674091558813106e-8,1.013274268282375
uri         ,35865,0.0013104698173706957,0.004433291509828524,0.0064896138296389235,0.01109716994284121,0.00906175937543566,2.526630245486034e-7,1.0039871741251918
valais      ,327011,0.0019326566996217252,0.004605349667136579,0.02003959092099859,0.016577424001027487,0.00960823947818269,2.9382006960569187e-8,1.014531621260447
vaud        ,749373,0.0022965866130751976,0.0043890025394563185,0.024984442549527006,0.049258513450578016,0.011041230468671809,1.4733958213962618e-8,1.016110801963775
zoug        ,118118,0.00193873922687482,0.0050881322067762745,0.01144688644688642,0.01647505037335546,0.010650366582569973,9.016717674334118e-8,1.0166867031273812
zurich      ,1425538,0.002241259089550752,0.005594379104590688,0.017721204205008917,0.031447776208000065,0.011221026728154563,7.871432910350032e-9,1.0146022063249103
