geo_name,name,abbr,capital,population,area_km2,languages,joined,half_canton,flag,description
Zürich,Zurich,ZH,Zurich,1632191,1729,German,1351,0,Flag_of_Canton_of_Zürich.svg,"The most populous canton and Switzerland's economic engine: a global financial centre, the ETH federal institute of technology, the country's main airport and a lively lakeside city regularly ranked among the most liveable in the world."
Bern,Bern,BE,Bern,1075711,5960,"German, French",1353,0,Flag_of_Canton_of_Bern.svg,"Seat of the federal government and the second-largest canton, bilingual and stretching from the Jura hills to the Eiger, Mönch and Jungfrau. The medieval old town of Bern, with its arcades and fountains, is a UNESCO World Heritage site."
Luzern,Lucerne,LU,Lucerne,441400,1494,German,1332,0,Flag_of_Canton_of_Lucerne.svg,"Gateway to central Switzerland on Lake Lucerne, with the wooden Chapel Bridge, the Lion Monument and the KKL concert hall. Mount Pilatus and the Rigi, reached by the world's first mountain cogwheel railway, rise just above the city."
Uri,Uri,UR,Altdorf,38575,1077,German,1291,0,Flag_of_Canton_of_Uri.svg,"One of the three founding cantons of 1291 and the land of William Tell, whose legend is set in Altdorf. The Gotthard pass and the Gotthard Base Tunnel, the longest railway tunnel in the world, make Uri the key passage between north and south."
Schwyz,Schwyz,SZ,Schwyz,170049,908,German,1291,0,Flag_of_Canton_of_Schwyz.svg,"The canton that gave Switzerland its name and its red flag with a white cross. The Federal Charter of 1291 is kept in the town of Schwyz, Einsiedeln Abbey is a major pilgrimage site, and Victorinox makes the Swiss Army knife in Ibach."
Obwalden,Obwalden,OW,Sarnen,39874,491,German,1291,1,Flag_of_Canton_of_Obwalden.svg,"A small half-canton of lakes and pastures around Sarnen, home of Niklaus von Flüe, the hermit and patron saint of Switzerland. The resort of Engelberg, an enclave of the canton, leads to the glaciers of the Titlis."
Nidwalden,Nidwalden,NW,Stans,45660,276,German,1291,1,Flag_of_Canton_of_Nidwalden.svg,"A half-canton squeezed between Lake Lucerne and the mountains, with Stans at its centre. The Stanserhorn, the Bürgenstock resort and the Pilatus aircraft factory are its best-known landmarks."
Glarus,Glarus,GL,Glarus,42450,685,German,1352,0,Flag_of_Canton_of_Glarus.svg,"A single narrow Alpine valley that still votes its laws by a show of hands at the open-air Landsgemeinde. An early industrial canton, it passed Switzerland's first factory law in 1864, and its Sardona thrust is a UNESCO geological site."
Zug,Zug,ZG,Zug,134977,239,German,1352,0,Flag_of_Canton_of_Zug.svg,"Small, wealthy and famous for its low taxes, Zug hosts the headquarters of commodity traders and the blockchain companies of the ""Crypto Valley"". The old town lies on the lake, and the local cherries flavour the Zuger Kirschtorte."
Fribourg,Fribourg,FR,Fribourg,350807,1671,"French, German",1481,0,Flag_of_Canton_of_Fribourg.svg,"A bilingual canton on the language border, with a medieval city on a bend of the Sarine river and a bilingual university. Gruyère cheese, the castle of Gruyères and the double cream of the Pre-Alps are its culinary emblems."
Solothurn,Solothurn,SO,Solothurn,291460,790,German,1481,0,Flag_of_Canton_of_Solothurn.svg,"Its capital is considered the most beautiful baroque town in Switzerland, with a curious devotion to the number eleven: eleven churches, eleven fountains and a clock with eleven hours. The canton stretches from the Jura ridges to the Aare plain."
Basel-Stadt,Basel-Stadt,BS,Basel,204134,37,German,1501,1,Flag_of_Canton_of_Basel.svg,"The smallest canton by area, essentially the city of Basel on the Rhine, at the point where Switzerland, France and Germany meet. A world hub of the pharmaceutical industry, home of Art Basel and of the country's oldest university, founded in 1460."
Basel-Landschaft,Basel-Landschaft,BL,Liestal,303809,518,German,1501,1,Flag_of_Canton_of_Basel_Land.svg,"The rural half of Basel, separated from the city in 1833 after a short civil war. It holds the Roman city of Augusta Raurica, the best-preserved Roman site north of the Alps, and a strong chemical and life-science industry."
Schaffhausen,Schaffhausen,SH,Schaffhausen,90073,298,German,1501,0,Flag_of_Canton_of_Schaffhausen.svg,"The northernmost canton, lying almost entirely on the German side of the Rhine. The Rhine Falls, the largest waterfall in Europe by volume, and the circular Munot fortress above the old town are its landmarks."
Appenzell Ausserrhoden,Appenzell Ausserrhoden,AR,Herisau,57211,243,German,1513,1,Flag_of_Canton_of_Appenzell_Ausserrhoden.svg,"The Protestant half of Appenzell, a land of rolling green hills and gabled wooden houses around Herisau. Once a centre of the textile and embroidery trade, it keeps strong traditions of yodelling and alpine cattle drives."
Appenzell Innerrhoden,Appenzell Innerrhoden,AI,Appenzell,16890,172,German,1513,1,Flag_of_Canton_of_Appenzell_Innerrhoden.svg,"The least populous canton, Catholic and deeply traditional, still decides its laws by a show of hands at the Landsgemeinde on the square of Appenzell. Appenzeller cheese and the Alpstein massif with the Säntis are its pride."
St. Gallen,St. Gallen,SG,St. Gallen,543913,2031,German,1803,0,Flag_of_Canton_of_Sankt_Gallen.svg,"Built around the abbey of St. Gallen, whose baroque library is a UNESCO World Heritage site. The canton reaches from Lake Constance to the Alps and was for centuries the world capital of embroidery; today it hosts a leading business university."
Graubünden,Graubünden,GR,Chur,207334,7105,"German, Romansh, Italian",1803,0,Flag_of_Canton_of_Graubünden.svg,"The largest canton and the only trilingual one, with 150 valleys and the Romansh language. It hosts the resorts of St. Moritz and Davos, the Swiss National Park and the Rhaetian Railway, a UNESCO site, while Chur is the oldest town in Switzerland."
Aargau,Aargau,AG,Aarau,743563,1404,German,1803,0,Flag_of_Canton_of_Aargau.svg,"Named after the Aare river, the ""water canton"" where the Aare, Reuss and Limmat join the Rhine. It is the cradle of the Habsburg dynasty, whose ancestral castle still stands, and the heart of Switzerland's energy industry with three nuclear power plants."
Thurgau,Thurgau,TG,Frauenfeld,302765,992,German,1803,0,Flag_of_Canton_of_Thurgau.svg,"A gentle canton of orchards and vineyards along Lake Constance, nicknamed ""Mostindien"" for its apple cider. Napoleon III spent his youth at Arenenberg castle, now a museum overlooking the lake."
Ticino,Ticino,TI,Bellinzona,359770,2812,Italian,1803,0,Flag_of_Canton_of_Ticino.svg,"The only canton entirely Italian-speaking, with a Mediterranean feel, palm trees and the lakes of Lugano and Locarno. The three medieval castles of Bellinzona are a UNESCO site and Locarno hosts a major international film festival."
Vaud,Vaud,VD,Lausanne,863375,3212,French,1803,0,Flag_of_Canton_of_Vaud.svg,"The largest French-speaking canton, on the shores of Lake Léman. Lausanne is the Olympic capital, the terraced vineyards of Lavaux are a UNESCO site, and the canton hosts the EPFL, the Montreux Jazz Festival and the castle of Chillon."
Valais,Valais,VS,Sion,375984,5224,"French, German",1815,0,Flag_of_Canton_of_Valais.svg,"The canton of the Matterhorn and of most Swiss peaks above 4,000 metres, bilingual along the upper Rhône valley. It is the largest wine region of the country, home to Zermatt and Verbier and to the Great Aletsch Glacier, the longest in the Alps."
Neuchâtel,Neuchâtel,NE,Neuchâtel,180322,802,French,1815,0,Flag_of_Canton_of_Neuchâtel.svg,"The cradle of Swiss watchmaking: La Chaux-de-Fonds and Le Locle, planned around the watch industry, are UNESCO World Heritage sites. Vineyards line the lake, and the canton was a Prussian principality until 1848 even after joining the Confederation."
Genève,Geneva,GE,Geneva,536826,282,French,1815,0,Flag_of_Canton_of_Geneva.svg,"An international city at the tip of Lake Léman, hosting the European headquarters of the United Nations, the Red Cross and CERN, where the web was invented. Private banking, luxury watchmaking and the Jet d'Eau are its other trademarks."
Jura,Jura,JU,Delémont,75165,839,French,1979,0,Flag_of_Canton_of_Jura.svg,"The youngest canton, created in 1979 after separating from Bern. A francophone land of forests and pastures where the Franches-Montagnes horse is bred, with watchmaking in Porrentruy and the wild gorges of the Doubs."
