id,h_deb,h_fin,milieu,acc_mode,acc_exclu,acc_accept,acc_enrich,acc_suppr,acc_menace,ou,evite,genre,annee,activite,parle_ang,lang_fr,duree,duree_num,Hashtag,Design,Selfie,Pull-over,Parking,News,Coach,Meeting,Football,Cool,Short,Pop-up,Check-up,T-shirt,Chill,E-mail,Sponsor,Poster,Smartphone,Eye liner,Deal,Shopping,Fitness,Dress code,Burn-out,Casting,Buzz,Week-end,Jetlag,Start-up,Feedback,Tea-room,Rider,Cockpit,Hacker,Leadership,Flood,Redingote,Craft
23,2020-12-18T19:42:31Z,2020-12-18T19:45:28Z,Avec les amis;,Plutôt d'accord,Plutôt d'accord,Neutre,Neutre,Plutôt en désaccord,Plutôt en désaccord,Dans les groupes de jeunes personnes,Je n'y prête pas attention,Une femme,1999,En formation,Oui,Oui,177,177,1,1,1,1,1,1,1,1,1,1,1,1,1,1,1,1,1,1,1,1,1,1,1,1,1,1,1,1,1,0,0,0,0,0,0,0,0,0,0
24,2020-12-18T19:51:15Z,2020-12-18T19:52:28Z,Milieu professionnel ;,Tout à fait d'accord,Tout à fait d'accord,Plutôt en désaccord,En désaccord total,Tout à fait d'accord,Tout à fait d'accord,Dans les groupes de jeunes personnes,Oui,Une femme,1967,Actif professionnellement,Oui,Oui,73,73,0,1,0,1,1,0,0,0,1,0,1,0,0,0,0,1,1,1,0,1,0,0,1,0,0,0,0,0,0,0,0,0,0,0,0,0,0,0,0
25,2020-12-18T19:55:03Z,2020-12-18T19:59:28Z,Milieu professionnel ;Avec les amis;,Plutôt en désaccord,Plutôt d'accord,Plutôt en désaccord,Plutôt d'accord,Plutôt en désaccord,Plutôt en désaccord,Au travail,Non,Un homme,1967,Actif professionnellement,Oui,Oui,265,265,0,1,1,1,1,0,1,1,0,1,1,1,0,1,0,1,1,0,1,0,1,1,1,1,1,1,1,1,0,0,0,0,0,0,0,0,0,0,0
26,2020-12-18T21:02:00Z,2020-12-18T21:10:12Z,Milieu professionnel ;Avec les amis;,Plutôt d'accord,Neutre,Plutôt en désaccord,Plutôt en désaccord,Neutre,Plutôt d'accord,Dans les groupes de jeunes personnes,Oui,Une femme,1978,Actif professionnellement,Oui,Non,492,492,0,1,1,1,1,1,0,0,1,1,1,0,1,1,0,1,1,1,1,1,1,1,1,0,1,0,0,1,1,1,1,1,1,1,1,0,0,0,0
27,2020-12-18T21:19:17Z,2020-12-18T21:26:48Z,Milieu professionnel ;Avec les amis;,Plutôt d'accord,Tout à fait d'accord,Neutre,Plutôt en désaccord,Neutre,Plutôt d'accord,Dans les groupes de jeunes personnes,Non,Une femme,1970,Au foyer,Je me débrouille,Oui,451,451,1,1,1,1,1,1,1,1,1,1,1,1,1,1,1,1,1,1,1,1,1,1,1,1,1,1,1,1,1,1,1,1,1,1,1,1,1,0,0
28,2020-12-19T17:31:04Z,2020-12-19T17:38:11Z,Avec les amis;,Plutôt d'accord,Plutôt d'accord,Plutôt en désaccord,Plutôt d'accord,Plutôt en désaccord,Plutôt d'accord,Dans les groupes de jeunes personnes,Je n'y prête pas attention,Une femme,1967,Au foyer,Je me débrouille,Oui,427,427,0,1,1,1,1,1,1,1,1,1,1,1,1,1,1,1,1,1,1,1,1,1,1,1,1,1,1,1,1,1,1,1,0,1,1,1,0,0,0
29,2020-12-19T17:38:18Z,2020-12-19T17:43:12Z,Avec les amis;Milieu professionnel ;,Plutôt d'accord,Neutre,Plutôt en désaccord,Plutôt d'accord,En désaccord total,En désaccord total,Au travail,Je n'y prête pas attention,Un homme,1961,Actif professionnellement,Oui,Oui,294,294,1,1,1,1,1,1,1,1,1,1,1,1,1,1,1,1,1,1,1,0,1,1,1,1,1,1,1,1,1,1,1,1,1,1,1,1,0,0,0
30,2020-12-20T10:49:22Z,2020-12-20T10:54:39Z,Milieu professionnel ;Avec les amis;,Plutôt d'accord,Neutre,Neutre,Plutôt d'accord,Plutôt en désaccord,Plutôt en désaccord,Au travail,Non,Un homme,1994,Actif professionnellement,Je me débrouille,Oui,317,317,1,1,1,1,1,1,1,1,1,1,1,0,1,1,1,1,1,1,1,0,1,1,1,1,1,1,1,1,1,1,1,1,1,1,1,1,0,0,0
31,2020-12-20T12:22:03Z,2020-12-20T12:31:58Z,Milieu professionnel ;Avec les amis;Milieu familial;,Tout à fait d'accord,Plutôt d'accord,Plutôt d'accord,Plutôt en désaccord,Neutre,Plutôt d'accord,Dans les groupes de jeunes personnes,Non,Un homme,1955,A la retraite,Un petit peu,Oui,595,595,1,1,1,1,1,1,1,1,1,1,1,1,1,1,1,1,1,1,1,1,1,1,1,1,1,1,1,1,1,1,1,1,1,1,1,1,0,1,0
32,2020-12-20T12:36:40Z,2020-12-20T12:41:19Z,Milieu professionnel ;,Neutre,Plutôt d'accord,Plutôt d'accord,Plutôt d'accord,Plutôt d'accord,Plutôt d'accord,Dans les groupes de jeunes personnes,Je n'y prête pas attention,Une femme,1966,Actif professionnellement,Non,Oui,279,279,0,1,1,1,1,1,1,1,1,1,1,0,1,1,1,1,1,1,1,1,1,1,1,1,1,1,1,1,1,1,1,1,1,1,1,0,0,1,0
33,2020-12-20T13:29:56Z,2020-12-20T13:32:57Z,Milieu familial;Milieu professionnel ;Avec les amis;,Plutôt en désaccord,Plutôt d'accord,Plutôt en désaccord,Tout à fait d'accord,Neutre,Plutôt d'accord,Au travail,Non,Un homme,1993,En formation,Oui,Oui,181,181,1,0,1,1,1,0,1,1,1,1,1,0,0,1,1,1,0,1,1,1,1,0,1,1,1,0,1,1,0,0,1,1,0,1,1,1,0,0,0
34,2020-12-20T13:36:02Z,2020-12-20T13:42:53Z,Avec les amis;,Plutôt d'accord,Tout à fait d'accord,En désaccord total,Tout à fait d'accord,En désaccord total,En désaccord total,Dans les groupes de jeunes personnes,Non,Une femme,2000,En formation,Oui,Oui,411,411,1,1,1,0,1,1,1,1,1,1,1,0,0,1,1,1,0,1,1,1,1,1,1,1,1,1,1,1,1,1,1,1,0,0,1,1,0,0,0
35,2020-12-20T13:47:56Z,2020-12-20T13:52:03Z,Avec les amis;,Plutôt en désaccord,Plutôt en désaccord,Plutôt en désaccord,Tout à fait d'accord,En désaccord total,En désaccord total,Dans les groupes de jeunes personnes,Non,Un homme,1994,Actif professionnellement,Oui,Oui,247,247,1,1,1,1,1,1,1,1,1,1,1,1,1,1,1,1,1,1,1,1,1,1,1,1,1,1,1,1,1,1,1,0,0,1,1,1,0,0,0
36,2020-12-20T13:49:52Z,2020-12-20T13:56:56Z,Milieu professionnel ;,Plutôt d'accord,Plutôt d'accord,En désaccord total,Tout à fait d'accord,En désaccord total,Neutre,Au travail,Oui,Un homme,1993,Actif professionnellement,Oui,Oui,424,424,1,1,1,1,1,0,1,1,1,1,1,0,0,1,0,1,1,1,1,1,1,1,1,1,1,1,0,1,0,1,0,0,0,1,1,0,0,0,0
37,2020-12-20T13:55:44Z,2020-12-20T14:07:18Z,Milieu professionnel ;Milieu familial;,Plutôt d'accord,Neutre,Neutre,Plutôt en désaccord,Neutre,Plutôt d'accord,Au travail,Je n'y prête pas attention,Un homme,1969,Actif professionnellement,Non,Oui,694,694,1,0,1,1,1,1,1,0,1,1,1,0,1,1,0,1,1,0,1,0,0,1,0,0,1,0,1,1,0,0,1,0,0,0,0,0,0,0,0
38,2020-12-20T18:47:24Z,2020-12-20T18:50:32Z,Avec les amis;,Plutôt d'accord,Tout à fait d'accord,Plutôt en désaccord,Neutre,Plutôt en désaccord,Plutôt en désaccord,Dans les groupes de jeunes personnes,Je n'y prête pas attention,Un homme,1994,Actif professionnellement,Oui,Oui,188,188,1,1,1,1,1,0,1,1,1,1,1,1,0,1,1,1,1,1,1,0,1,1,1,0,1,1,1,1,0,1,1,0,0,1,1,0,1,0,0
39,2020-12-20T19:05:32Z,2020-12-20T19:11:38Z,Milieu familial;Milieu professionnel ;Avec les amis;,Plutôt d'accord,Tout à fait d'accord,Neutre,Plutôt d'accord,Neutre,Plutôt en désaccord,Dans les groupes de jeunes personnes,Je n'y prête pas attention,Un homme,1967,Actif professionnellement,Non,Non,366,366,0,0,0,1,1,0,0,1,1,1,1,0,0,1,0,1,1,1,1,0,0,0,0,0,1,0,0,1,0,0,0,0,0,0,0,0,0,0,0
40,2020-12-20T19:33:32Z,2020-12-20T19:36:19Z,Milieu professionnel ;,Plutôt d'accord,Neutre,Neutre,Plutôt en désaccord,Plutôt en désaccord,Plutôt en désaccord,Dans les groupes de jeunes personnes,Je n'y prête pas attention,Une femme,1998,Actif professionnellement,Un petit peu,Oui,167,167,1,1,1,1,1,1,0,0,1,1,1,0,0,1,0,1,0,0,1,1,0,1,1,0,0,1,1,1,0,0,1,0,0,0,0,0,0,0,0
41,2020-12-20T19:24:13Z,2020-12-20T19:38:33Z,Avec les amis;,Plutôt en désaccord,Plutôt d'accord,Plutôt en désaccord,Plutôt en désaccord,Plutôt d'accord,Plutôt d'accord,Dans les groupes de jeunes personnes,Non,Un homme,1979,Actif professionnellement,Un petit peu,Non,860,860,0,0,0,0,1,0,0,0,1,1,0,0,0,1,0,1,0,1,0,0,0,1,1,0,0,0,0,1,0,0,0,0,0,1,0,0,0,0,0
42,2020-12-20T20:32:36Z,2020-12-20T20:40:08Z,Avec les amis;,Plutôt d'accord,Plutôt d'accord,Plutôt en désaccord,Plutôt en désaccord,Neutre,Neutre,Dans les groupes de jeunes personnes,Je n'y prête pas attention,Une femme,2002,En formation,Non,Oui,452,452,1,1,1,0,1,0,1,0,1,1,1,0,0,1,1,1,1,1,0,0,1,1,1,1,1,1,0,1,1,0,1,0,0,0,0,0,0,0,0
43,2020-12-20T22:14:41Z,2020-12-20T22:19:31Z,Avec les amis;,Plutôt en désaccord,Plutôt en désaccord,En désaccord total,Plutôt d'accord,En désaccord total,Plutôt en désaccord,Autre,Je n'y prête pas attention,Une femme,2000,En formation,Oui,Oui,290,290,0,0,0,0,1,0,0,0,0,1,1,0,1,0,0,1,0,1,0,0,0,0,1,0,1,0,0,1,0,0,0,1,0,0,0,0,0,0,0
44,2020-12-21T14:07:48Z,2020-12-21T14:09:37Z,Milieu professionnel ;,Neutre,Plutôt d'accord,Plutôt en désaccord,Plutôt d'accord,Plutôt en désaccord,En désaccord total,Dans les groupes de jeunes personnes,Je n'y prête pas attention,Un homme,1993,Actif professionnellement,Oui,Oui,109,109,1,0,1,0,1,0,1,0,1,1,0,0,0,1,1,1,1,0,1,0,0,1,0,0,0,1,1,1,0,0,0,0,0,0,1,0,0,0,0
45,2020-12-21T23:41:40Z,2020-12-21T23:44:52Z,Milieu familial;,Neutre,Plutôt d'accord,En désaccord total,Plutôt en désaccord,Neutre,Neutre,Dans les groupes de jeunes personnes,Je n'y prête pas attention,Une femme,1993,En formation,Je me débrouille,Oui,192,192,0,0,1,1,0,1,1,0,0,1,0,0,1,1,1,0,0,0,1,1,0,1,1,1,1,0,1,1,0,0,1,0,0,0,0,0,0,0,0
46,2020-12-22T09:22:56Z,2020-12-22T09:29:11Z,Milieu professionnel ;Avec les amis;,Plutôt d'accord,Tout à fait d'accord,En désaccord total,Plutôt d'accord,Neutre,Neutre,Dans la rue,Non,Une femme,1992,Actif professionnellement,Je me débrouille,Oui,375,375,1,1,1,1,1,1,1,0,1,1,1,0,1,1,1,1,1,1,1,1,0,1,1,0,1,1,1,1,1,1,1,1,0,1,0,1,0,0,0
47,2020-12-22T22:21:12Z,2020-12-22T22:30:01Z,Milieu professionnel ;,Plutôt en désaccord,Plutôt en désaccord,Plutôt en désaccord,En désaccord total,Plutôt d'accord,Plutôt en désaccord,Autre,Je n'y prête pas attention,Une femme,1960,Actif professionnellement,Non,Oui,529,529,0,1,1,0,1,0,1,0,1,1,1,0,1,1,0,1,1,1,0,1,1,1,1,1,1,1,0,1,0,1,1,1,0,1,0,1,0,0,0
48,2020-12-23T14:35:12Z,2020-12-23T14:42:00Z,Avec les amis;,Plutôt d'accord,Plutôt d'accord,En désaccord total,En désaccord total,Neutre,En désaccord total,Au travail,Je n'y prête pas attention,Un homme,1990,Actif professionnellement,Je me débrouille,Oui,408,408,0,0,0,0,1,1,1,0,0,1,0,0,0,1,1,1,0,0,0,0,0,0,0,0,0,0,0,1,0,1,0,1,0,0,0,0,0,0,0
49,2020-12-23T14:56:40Z,2020-12-23T14:58:38Z,Milieu professionnel ;,Plutôt d'accord,Neutre,Plutôt en désaccord,Plutôt d'accord,Plutôt en désaccord,Neutre,Dans les groupes de jeunes personnes,Je n'y prête pas attention,Une femme,2000,En formation,Je me débrouille,Oui,118,118,0,1,0,0,0,1,0,0,1,0,1,0,0,0,0,0,0,0,0,0,0,1,1,0,1,0,0,1,0,0,0,0,0,0,0,0,0,0,0
50,2020-12-23T17:10:30Z,2020-12-23T17:16:07Z,Avec les amis;Milieu familial;,Neutre,Plutôt d'accord,Neutre,Plutôt d'accord,Neutre,En désaccord total,Dans les groupes de jeunes personnes,Non,Un homme,1987,Actif professionnellement,Oui,Oui,337,337,1,1,1,1,1,1,1,1,1,1,1,1,1,1,0,1,1,1,1,1,1,1,1,1,1,1,1,1,1,1,1,1,1,1,1,1,0,0,0
51,2020-12-24T13:01:07Z,2020-12-24T13:06:55Z,Milieu professionnel ;Avec les amis;,Neutre,Plutôt d'accord,Plutôt en désaccord,Plutôt d'accord,Plutôt en désaccord,Plutôt en désaccord,Dans la rue,Non,Une femme,1972,Actif professionnellement,Un petit peu,Oui,348,348,1,1,1,1,1,1,1,1,1,1,1,1,1,1,0,1,1,1,1,1,1,1,1,1,1,1,1,1,0,1,1,1,1,1,1,0,0,1,1
52,2020-12-24T15:33:26Z,2020-12-24T15:35:25Z,Avec les amis;,Plutôt d'accord,Tout à fait d'accord,Neutre,Plutôt en désaccord,Plutôt en désaccord,Plutôt d'accord,Dans les groupes de jeunes personnes,Je n'y prête pas attention,Un homme,1994,En formation,Oui,Oui,119,119,1,1,1,0,1,1,1,1,1,1,1,1,1,1,1,1,1,1,1,0,1,1,1,1,1,1,0,1,1,1,0,0,0,1,0,0,0,0,0
53,2020-12-24T15:45:39Z,2020-12-24T15:45:58Z,Milieu professionnel ;,Tout à fait d'accord,Plutôt d'accord,Plutôt en désaccord,Neutre,En désaccord total,En désaccord total,Au travail,Je n'y prête pas attention,Un homme,1994,Actif professionnellement,Oui,Oui,19,19,1,1,1,1,1,1,1,1,1,1,1,1,1,1,1,1,1,1,1,0,1,1,1,1,1,0,1,1,1,1,1,1,0,1,1,1,0,0,0
54,2020-12-24T15:48:07Z,2020-12-24T15:52:11Z,Milieu professionnel ;,Plutôt en désaccord,Tout à fait d'accord,En désaccord total,Plutôt en désaccord,Neutre,Plutôt en désaccord,Au travail,Oui,Une femme,1994,Actif professionnellement,Un petit peu,Oui,244,244,0,1,1,0,1,0,1,0,1,1,0,0,0,1,0,1,1,0,0,0,0,1,1,0,1,0,1,1,0,0,0,0,0,0,0,0,0,0,0
55,2020-12-24T15:56:03Z,2020-12-24T15:56:24Z,Milieu professionnel ;,Neutre,Tout à fait d'accord,Plutôt d'accord,Plutôt d'accord,Plutôt en désaccord,Neutre,Au travail,Je n'y prête pas attention,Une femme,1992,Actif professionnellement,Oui,Oui,21,21,1,1,1,1,1,1,1,1,1,1,1,1,1,1,1,1,1,1,1,1,0,1,1,1,1,1,1,1,1,1,1,1,1,1,1,1,0,0,0
56,2020-12-24T21:27:39Z,2020-12-24T21:38:40Z,Autre;,Tout à fait d'accord,Plutôt d'accord,Plutôt en désaccord,En désaccord total,Tout à fait d'accord,Plutôt en désaccord,Autre,Oui,Un homme,1931,A la retraite,Non,Oui,661,661,0,1,0,1,1,0,1,1,1,1,1,0,1,1,0,1,1,1,0,0,1,1,1,0,0,0,0,1,0,0,0,1,0,1,0,1,0,0,0
57,2020-12-25T16:46:59Z,2020-12-25T16:50:43Z,Avec les amis;,Tout à fait d'accord,Neutre,Plutôt en désaccord,Plutôt en désaccord,Plutôt en désaccord,Neutre,Dans la rue,Je n'y prête pas attention,Une femme,1990,Actif professionnellement,Oui,Non,224,224,1,1,1,0,1,0,0,1,1,1,0,1,0,1,0,1,0,0,0,0,0,1,1,0,1,0,0,1,1,1,1,1,0,0,0,0,0,0,0
58,2020-12-25T17:14:29Z,2020-12-25T17:21:35Z,Milieu professionnel ;,Tout à fait d'accord,Neutre,Neutre,En désaccord total,Tout à fait d'accord,Tout à fait d'accord,Dans les groupes de jeunes personnes,Je n'y prête pas attention,Un homme,1948,A la retraite,Non,Oui,426,426,0,0,0,1,1,0,0,0,1,0,1,0,0,1,0,1,0,0,0,0,0,0,0,0,0,0,0,1,0,0,0,0,0,1,0,0,0,0,0
59,2020-12-25T17:21:43Z,2020-12-25T17:26:26Z,Milieu familial;,Plutôt d'accord,Plutôt d'accord,Neutre,Plutôt en désaccord,Neutre,Plutôt d'accord,Dans les groupes de jeunes personnes,Oui,Une femme,1975,Actif professionnellement,Oui,Oui,283,283,0,0,0,1,1,0,0,0,0,1,1,0,0,1,0,1,0,0,0,0,0,0,0,0,0,0,0,1,0,0,0,0,0,0,0,0,0,0,0
60,2020-12-25T17:26:37Z,2020-12-25T17:31:25Z,Milieu professionnel ;,Plutôt d'accord,Plutôt d'accord,Plutôt d'accord,Neutre,Plutôt d'accord,Plutôt d'accord,Dans les groupes de jeunes personnes,Oui,Une femme,1950,A la retraite,Un petit peu,Oui,288,288,1,1,0,1,1,1,1,0,1,1,1,0,1,1,0,1,0,0,1,1,0,1,1,0,1,0,0,1,0,0,0,1,0,0,0,0,0,0,0
61,2020-12-25T17:31:37Z,2020-12-25T17:37:44Z,Milieu professionnel ;,Tout à fait d'accord,Plutôt d'accord,Plutôt en désaccord,Plutôt en désaccord,Tout à fait d'accord,Neutre,Autre,Je n'y prête pas attention,Une femme,1944,A la retraite,Non,Oui,367,367,0,1,0,1,1,0,1,1,1,1,1,0,0,1,0,0,0,1,1,0,0,1,1,0,1,0,0,1,0,0,0,1,0,0,0,0,0,0,0
62,2020-12-25T17:38:15Z,2020-12-25T17:48:49Z,Milieu professionnel ;Avec les amis;Milieu familial;Autre;,Neutre,Plutôt d'accord,En désaccord total,Plutôt d'accord,En désaccord total,En désaccord total,Dans les groupes de jeunes personnes,Non,Un homme,2003,En formation,Oui,Oui,634,634,1,1,1,0,1,1,1,1,1,1,1,0,1,1,1,1,1,1,1,0,1,1,1,0,1,1,1,1,0,0,0,0,0,1,1,0,0,0,1
63,2020-12-25T17:49:12Z,2020-12-25T17:54:32Z,Avec les amis;,Plutôt d'accord,Tout à fait d'accord,Plutôt en désaccord,Plutôt en désaccord,Neutre,Plutôt en désaccord,Dans les groupes de jeunes personnes,Non,Une femme,2005,En formation,Oui,Oui,320,320,1,1,1,1,1,1,1,1,1,1,1,0,1,1,1,1,1,1,0,1,1,1,1,0,0,1,0,1,0,0,0,0,0,1,0,0,0,0,1
64,2020-12-25T17:54:42Z,2020-12-25T17:58:02Z,Milieu professionnel ;,Plutôt d'accord,Plutôt d'accord,Neutre,Plutôt d'accord,Neutre,Neutre,Dans les groupes de jeunes personnes,Oui,Un homme,1974,Actif professionnellement,Oui,Oui,200,200,1,1,1,1,1,0,1,0,1,1,1,1,1,1,0,1,1,1,1,1,1,0,1,1,1,1,1,1,1,0,1,0,0,1,1,1,0,0,0
65,2020-12-26T17:47:59Z,2020-12-26T17:56:36Z,Milieu professionnel ;,Plutôt d'accord,Tout à fait d'accord,Plutôt d'accord,En désaccord total,Plutôt d'accord,Tout à fait d'accord,Au travail,Oui,Un homme,1970,Actif professionnellement,Un petit peu,Oui,517,517,1,0,1,1,1,1,1,0,1,1,1,1,1,1,0,1,0,0,1,0,0,1,1,0,1,1,1,1,0,1,1,1,0,0,0,1,0,0,0
66,2020-12-27T00:31:42Z,2020-12-27T00:34:51Z,Avec les amis;Milieu professionnel ;,Plutôt d'accord,Plutôt d'accord,Neutre,Neutre,Plutôt en désaccord,Plutôt en désaccord,Dans les groupes de jeunes personnes,Je n'y prête pas attention,Une femme,1980,Actif professionnellement,Oui,Non,189,189,1,1,1,1,1,1,1,0,1,1,1,0,1,1,1,1,0,1,1,1,1,0,1,1,0,1,0,1,0,0,1,1,0,1,1,0,0,0,0
67,2020-12-27T00:34:44Z,2020-12-27T00:40:29Z,Milieu professionnel ;Avec les amis;,Neutre,Neutre,Plutôt en désaccord,Plutôt en désaccord,Neutre,Plutôt d'accord,Au travail,Je n'y prête pas attention,Un homme,1997,En formation,Je me débrouille,Non,345,345,1,1,1,0,1,1,0,0,1,1,1,0,0,1,1,1,0,1,1,0,0,0,1,0,1,0,0,1,0,1,1,0,0,0,0,0,0,0,0
68,2020-12-27T10:06:08Z,2020-12-27T10:09:24Z,Avec les amis;,Plutôt d'accord,Plutôt en désaccord,Plutôt en désaccord,Neutre,Plutôt en désaccord,Neutre,Dans la rue,Je n'y prête pas attention,Une femme,1990,Actif professionnellement,Un petit peu,Oui,196,196,1,1,1,1,1,1,1,0,1,1,0,1,1,1,0,1,1,1,1,1,0,1,1,1,1,1,1,1,0,0,1,1,0,0,1,0,0,0,0
69,2020-12-27T12:23:50Z,2020-12-27T12:31:41Z,Milieu professionnel ;,Tout à fait d'accord,Neutre,En désaccord total,En désaccord total,En désaccord total,En désaccord total,Dans la rue,Non,Une femme,1974,Actif professionnellement,Non,Non,471,471,0,0,1,1,1,0,1,1,1,1,1,0,0,1,1,1,1,1,1,0,0,1,1,0,0,0,1,1,0,0,0,1,0,0,1,0,0,0,0
70,2020-12-27T12:33:37Z,2020-12-27T12:39:06Z,Avec les amis;,Neutre,Plutôt d'accord,Plutôt en désaccord,Plutôt d'accord,Plutôt d'accord,Neutre,Dans la rue,Non,Un homme,2008,En formation,Un petit peu,Oui,329,329,1,0,1,1,1,1,1,0,1,1,1,1,0,1,0,1,1,1,1,0,1,1,1,0,0,1,0,1,0,1,0,1,0,1,1,0,0,0,1
71,2020-12-27T12:51:58Z,2020-12-27T12:53:57Z,Avec les amis;,Tout à fait d'accord,Plutôt d'accord,Plutôt d'accord,Neutre,Neutre,Neutre,Dans la rue,Je n'y prête pas attention,Un homme,1964,Actif professionnellement,Non,Non,119,119,0,0,1,0,1,0,1,1,1,1,1,0,1,1,0,1,0,1,1,1,0,1,1,0,1,0,0,1,0,0,0,0,0,1,0,0,0,0,0
72,2020-12-27T13:45:49Z,2020-12-27T13:55:41Z,Milieu professionnel ;Avec les amis;Milieu familial;,Plutôt d'accord,Neutre,Plutôt en désaccord,Plutôt en désaccord,Neutre,Neutre,Autre,Je n'y prête pas attention,Une femme,1946,A la retraite,Je me débrouille,Oui,592,592,0,1,1,1,1,1,1,0,1,1,1,0,1,1,0,1,1,1,1,1,1,1,1,0,1,1,1,1,1,1,0,1,0,1,1,0,0,1,1
73,2020-12-27T18:23:43Z,2020-12-27T18:33:41Z,Autre;Milieu familial;Milieu professionnel ;Avec les amis;,Neutre,Neutre,Neutre,Plutôt en désaccord,Neutre,Plutôt d'accord,Autre,Je n'y prête pas attention,Un homme,1974,Actif professionnellement,Je me débrouille,Oui,598,598,0,0,0,1,1,1,1,0,0,1,1,0,0,1,0,1,1,1,1,0,0,1,1,0,1,1,0,1,0,0,1,1,0,0,0,0,0,0,0
74,2020-12-27T19:47:28Z,2020-12-27T19:50:05Z,Avec les amis;,Plutôt d'accord,Plutôt d'accord,Plutôt d'accord,Neutre,Plutôt en désaccord,Neutre,Au travail,Je n'y prête pas attention,Une femme,1971,Actif professionnellement,Non,Oui,157,157,1,1,1,1,1,1,0,1,1,1,1,1,1,1,0,1,1,1,1,1,0,1,1,0,1,1,1,1,1,1,1,1,1,1,0,1,0,0,0
75,2020-12-27T20:02:19Z,2020-12-27T20:06:58Z,Avec les amis;Milieu professionnel ;,Plutôt d'accord,Tout à fait d'accord,Plutôt d'accord,Plutôt en désaccord,Plutôt d'accord,Plutôt d'accord,Dans les groupes de jeunes personnes,Je n'y prête pas attention,Une femme,2000,En formation,Je me débrouille,Oui,279,279,1,1,1,1,1,1,1,1,1,1,1,1,1,1,1,1,1,1,1,1,1,1,1,0,1,1,0,1,0,0,1,0,1,0,1,0,0,0,1
76,2020-12-27T22:05:18Z,2020-12-27T22:08:30Z,Avec les amis;Milieu familial;,Plutôt d'accord,Plutôt en désaccord,En désaccord total,Tout à fait d'accord,Neutre,Neutre,Dans les groupes de jeunes personnes,Je n'y prête pas attention,Un homme,1999,Actif professionnellement,Un petit peu,Oui,192,192,0,1,1,1,1,1,1,0,1,1,1,1,1,1,1,1,1,1,1,0,1,1,1,0,1,0,0,1,0,0,0,0,1,1,1,0,0,0,0
77,2020-12-27T23:41:54Z,2020-12-27T23:43:56Z,Milieu professionnel ;Avec les amis;,Plutôt d'accord,Plutôt d'accord,Plutôt d'accord,Plutôt d'accord,Plutôt en désaccord,Plutôt en désaccord,Dans les groupes de jeunes personnes,Je n'y prête pas attention,Un homme,1988,Actif professionnellement,Oui,Non,122,122,1,1,1,1,1,1,1,1,1,1,0,1,0,1,0,1,0,0,1,0,1,1,0,0,0,1,0,1,0,0,1,0,0,0,1,0,0,0,0
78,2020-12-28T00:00:02Z,2020-12-28T00:04:01Z,Milieu professionnel ;,Neutre,Plutôt d'accord,Tout à fait d'accord,Plutôt d'accord,Neutre,Neutre,Dans la rue,Je n'y prête pas attention,Une femme,1998,Actif professionnellement,Non,Non,239,239,0,0,0,0,1,0,0,0,0,1,0,0,0,1,0,1,0,0,1,0,0,0,0,0,0,0,0,1,0,0,0,0,0,1,0,0,0,0,0
79,2020-12-28T00:00:24Z,2020-12-28T00:05:59Z,Milieu professionnel ;,Plutôt en désaccord,Plutôt en désaccord,Plutôt en désaccord,Plutôt en désaccord,Plutôt en désaccord,Plutôt en désaccord,Au travail,Je n'y prête pas attention,Une femme,1964,Actif professionnellement,Je me débrouille,Oui,335,335,0,1,1,1,1,1,1,1,1,1,0,1,1,1,0,1,1,0,1,1,1,1,1,0,1,1,0,1,0,1,1,1,0,0,0,1,0,0,0
80,2020-12-28T09:38:20Z,2020-12-28T09:41:09Z,Avec les amis;,Plutôt d'accord,Tout à fait d'accord,En désaccord total,En désaccord total,En désaccord total,Plutôt en désaccord,Dans les groupes de jeunes personnes,Non,Une femme,1992,Actif professionnellement,Oui,Oui,169,169,0,0,0,0,0,1,1,1,0,1,0,0,1,0,1,0,0,0,0,0,1,1,1,0,1,0,0,1,1,0,1,0,0,0,0,1,0,0,0
81,2020-12-28T12:26:20Z,2020-12-28T12:29:55Z,Autre;,Plutôt d'accord,Plutôt d'accord,Plutôt en désaccord,Plutôt en désaccord,Plutôt d'accord,Plutôt d'accord,Dans la rue,Oui,Une femme,1988,Actif professionnellement,Je me débrouille,Non,215,215,1,0,0,0,0,0,0,0,0,0,0,0,1,0,0,1,0,1,0,0,0,0,0,0,1,1,0,0,0,0,0,0,0,0,1,0,0,0,0
82,2020-12-28T12:35:14Z,2020-12-28T12:38:22Z,Avec les amis;,Plutôt d'accord,Plutôt d'accord,En désaccord total,Neutre,Neutre,Plutôt en désaccord,Dans les groupes de jeunes personnes,Je n'y prête pas attention,Une femme,1999,Actif professionnellement,Je me débrouille,Non,188,188,0,0,1,1,1,1,1,0,1,1,1,0,1,1,1,1,0,1,1,1,0,1,1,0,1,1,0,1,0,0,1,0,0,0,0,0,0,0,0
83,2020-12-28T17:08:06Z,2020-12-28T17:13:26Z,Milieu professionnel ;,Plutôt d'accord,Tout à fait d'accord,En désaccord total,Neutre,En désaccord total,Plutôt en désaccord,Au travail,Oui,Une femme,1997,En formation,Je me débrouille,Oui,320,320,0,1,0,0,1,1,1,1,1,1,1,0,0,1,1,1,0,0,0,1,0,1,1,0,1,0,0,1,0,0,1,0,0,0,0,0,0,0,0
84,2020-12-28T19:03:19Z,2020-12-28T19:06:22Z,Avec les amis;Milieu professionnel ;,Plutôt d'accord,Plutôt d'accord,Neutre,En désaccord total,Plutôt d'accord,Plutôt d'accord,Dans les groupes de jeunes personnes,Oui,Une femme,2000,En formation,Un petit peu,Non,183,183,1,0,1,1,1,0,0,0,1,1,1,0,1,1,0,1,1,0,0,1,1,1,1,0,0,1,1,1,0,0,1,0,0,0,0,0,0,0,0
85,2020-12-28T19:05:02Z,2020-12-28T19:10:23Z,Milieu professionnel ;,Plutôt d'accord,Plutôt en désaccord,En désaccord total,Plutôt d'accord,Neutre,Plutôt en désaccord,Au travail,Non,Une femme,1998,En formation,Oui,Oui,321,321,1,1,1,0,1,0,1,0,1,1,1,0,1,1,1,1,1,1,1,1,0,1,1,1,1,0,1,1,1,1,1,1,0,0,1,1,0,0,0
86,2020-12-28T19:06:15Z,2020-12-28T19:19:41Z,Milieu familial;Milieu professionnel ;,Plutôt en désaccord,Tout à fait d'accord,En désaccord total,Plutôt en désaccord,En désaccord total,En désaccord total,A la maison,Je n'y prête pas attention,Un homme,2000,Actif professionnellement,Oui,Oui,806,806,0,0,1,1,0,0,1,0,1,0,1,0,1,1,0,1,1,0,1,0,0,0,1,1,1,0,0,1,0,0,1,1,0,0,0,1,0,0,0
87,2020-12-28T19:17:51Z,2020-12-28T19:23:58Z,Autre;,Neutre,Neutre,En désaccord total,Plutôt en désaccord,Plutôt en désaccord,En désaccord total,Dans les groupes de jeunes personnes,Je n'y prête pas attention,Une femme,1975,Actif professionnellement,Non,Non,367,367,0,0,1,0,1,0,0,0,0,0,1,0,0,1,0,1,0,0,0,0,0,1,1,0,0,0,0,0,0,0,0,0,0,0,0,0,0,0,0
88,2020-12-28T19:25:41Z,2020-12-28T19:28:52Z,Avec les amis;,Neutre,Neutre,En désaccord total,Plutôt d'accord,Plutôt d'accord,Plutôt en désaccord,Dans les groupes de jeunes personnes,Je n'y prête pas attention,Un homme,1992,Actif professionnellement,Un petit peu,Oui,191,191,0,1,0,0,1,0,1,0,1,1,1,0,0,1,1,1,0,1,0,0,1,1,1,0,1,1,0,1,0,0,0,1,0,0,1,0,0,0,0
89,2020-12-28T19:24:13Z,2020-12-28T19:29:38Z,Milieu professionnel ;,Plutôt d'accord,Plutôt en désaccord,Plutôt en désaccord,Plutôt en désaccord,Plutôt en désaccord,En désaccord total,Au travail,Non,Une femme,1961,Actif professionnellement,Oui,Non,325,325,0,1,0,1,1,1,1,1,1,1,1,0,1,1,0,1,1,1,1,1,1,1,1,0,1,1,0,1,0,0,0,1,0,0,0,1,0,0,0
90,2020-12-28T19:39:42Z,2020-12-28T19:44:25Z,Avec les amis;,Plutôt d'accord,Plutôt d'accord,En désaccord total,Plutôt d'accord,En désaccord total,En désaccord total,Dans les groupes de jeunes personnes,Je n'y prête pas attention,Un homme,2001,En formation,Je me débrouille,Oui,283,283,1,1,1,0,1,1,1,0,1,1,1,0,1,1,1,1,1,1,0,0,1,1,1,0,1,1,0,1,1,1,1,1,0,1,1,0,0,0,0
91,2020-12-28T19:39:57Z,2020-12-28T19:44:38Z,Milieu professionnel ;,Plutôt en désaccord,Neutre,Plutôt en désaccord,Plutôt d'accord,Plutôt en désaccord,En désaccord total,Au travail,Je n'y prête pas attention,Un homme,1962,Actif professionnellement,Un petit peu,Oui,281,281,0,1,1,1,1,1,1,1,1,1,1,1,1,1,0,1,1,1,1,0,0,1,1,0,0,1,1,1,1,1,1,1,0,1,1,1,0,0,1
92,2020-12-28T19:21:24Z,2020-12-28T19:46:51Z,Milieu professionnel ;,Plutôt d'accord,Tout à fait d'accord,Plutôt en désaccord,Plutôt en désaccord,Plutôt en désaccord,Plutôt d'accord,Dans les groupes de jeunes personnes,Je n'y prête pas attention,Une femme,1966,Actif professionnellement,Je me débrouille,Oui,1527,1527,1,1,1,0,1,0,1,0,1,1,1,0,0,1,0,1,1,1,0,1,0,1,1,1,1,0,0,1,0,1,0,1,0,1,0,0,0,0,0
93,2020-12-28T20:43:10Z,2020-12-28T20:47:49Z,Milieu professionnel ;,Plutôt d'accord,Plutôt en désaccord,Plutôt en désaccord,En désaccord total,Plutôt en désaccord,Plutôt en désaccord,Au travail,Non,Un homme,1995,En formation,Je me débrouille,Non,279,279,1,1,1,1,1,1,1,1,1,1,1,0,1,1,1,1,0,1,1,0,0,1,1,0,1,0,1,1,0,1,1,0,0,0,0,1,0,0,0
94,2020-12-28T20:46:09Z,2020-12-28T20:54:41Z,Milieu professionnel ;,Plutôt d'accord,Neutre,Plutôt d'accord,Neutre,Plutôt d'accord,Neutre,Au travail,Je n'y prête pas attention,Une femme,1997,En formation,Je me débrouille,Non,512,512,0,1,1,1,1,1,1,1,1,1,1,0,1,1,1,1,1,0,0,1,1,1,1,0,1,0,1,1,0,1,1,0,1,0,1,1,0,0,0
95,2020-12-28T20:56:12Z,2020-12-28T21:00:08Z,Milieu familial;,En désaccord total,En désaccord total,En désaccord total,En désaccord total,En désaccord total,En désaccord total,Autre,Non,Un homme,1973,Actif professionnellement,Non,Non,236,236,0,0,0,0,0,0,0,0,1,0,0,0,0,0,0,1,0,0,1,0,0,0,0,0,0,0,0,1,0,0,0,0,0,0,0,0,0,0,0
96,2020-12-28T21:01:56Z,2020-12-28T21:05:57Z,Avec les amis;Milieu professionnel ;,Plutôt en désaccord,Neutre,Plutôt en désaccord,Neutre,Neutre,Plutôt d'accord,Dans les groupes de jeunes personnes,Je n'y prête pas attention,Un homme,1997,En formation,Je me débrouille,Non,241,241,1,0,1,1,1,1,1,1,1,1,0,0,0,1,1,1,1,1,1,1,0,1,1,1,1,1,1,1,0,0,1,0,0,0,0,0,0,0,0
97,2020-12-28T21:06:10Z,2020-12-28T21:10:06Z,Milieu professionnel ;,Neutre,Plutôt d'accord,En désaccord total,Neutre,Neutre,Plutôt d'accord,Dans les groupes de jeunes personnes,Je n'y prête pas attention,Un homme,1946,A la retraite,Non,Non,236,236,0,0,0,0,1,0,0,0,1,0,0,0,0,0,0,0,0,0,0,0,0,0,1,0,0,0,0,0,0,0,0,0,0,0,0,0,0,0,0
98,2020-12-28T21:10:13Z,2020-12-28T21:14:48Z,Milieu professionnel ;Avec les amis;,En désaccord total,Neutre,Plutôt en désaccord,Plutôt d'accord,Plutôt en désaccord,Plutôt d'accord,Dans les groupes de jeunes personnes,Je n'y prête pas attention,Une femme,1992,Actif professionnellement,Oui,Non,275,275,1,1,1,1,1,1,1,1,1,1,1,0,1,1,1,1,1,1,1,1,1,1,1,1,1,1,1,1,1,0,1,0,0,1,1,0,0,0,0
99,2020-12-28T21:50:36Z,2020-12-28T21:56:35Z,Avec les amis;,Tout à fait d'accord,Neutre,Neutre,Neutre,Tout à fait d'accord,En désaccord total,Dans les groupes de jeunes personnes,Non,Une femme,2003,En formation,Un petit peu,Oui,359,359,1,1,1,0,1,0,1,0,1,1,1,0,0,1,1,1,1,1,0,0,1,1,1,0,1,1,1,1,0,0,1,0,0,1,1,0,0,0,0
100,2020-12-28T23:25:16Z,2020-12-28T23:29:17Z,Milieu familial;,Plutôt d'accord,Neutre,Plutôt en désaccord,En désaccord total,Plutôt en désaccord,Plutôt en désaccord,Dans les groupes de jeunes personnes,Je n'y prête pas attention,Une femme,1996,Actif professionnellement,Oui,Oui,241,241,1,1,1,1,1,1,1,1,1,1,1,0,1,1,1,1,1,0,1,1,0,1,1,1,1,1,1,1,1,1,1,1,0,0,0,0,0,0,0
101,2020-12-29T01:18:38Z,2020-12-29T01:20:42Z,Avec les amis;,Plutôt d'accord,Neutre,Plutôt en désaccord,En désaccord total,Plutôt en désaccord,En désaccord total,Dans les groupes de jeunes personnes,Je n'y prête pas attention,Une femme,2000,En formation,Je me débrouille,Non,124,124,0,0,1,1,1,1,0,0,1,1,1,0,0,1,1,1,1,1,0,1,0,1,1,0,1,0,1,1,0,0,1,0,0,0,0,0,0,0,0
102,2020-12-29T01:20:53Z,2020-12-29T01:23:04Z,Milieu professionnel ;,Plutôt d'accord,Plutôt d'accord,En désaccord total,Plutôt en désaccord,Neutre,Neutre,Dans les groupes de jeunes personnes,Je n'y prête pas attention,Un homme,1968,Actif professionnellement,Un petit peu,Non,131,131,0,0,1,1,1,1,0,1,1,1,0,0,0,1,0,1,0,0,0,0,0,1,0,0,0,0,0,0,0,0,0,1,0,0,0,0,0,0,0
103,2020-12-29T01:23:07Z,2020-12-29T01:26:23Z,Milieu professionnel ;,Plutôt d'accord,Plutôt d'accord,Plutôt en désaccord,Plutôt en désaccord,Neutre,Neutre,Dans les groupes de jeunes personnes,Je n'y prête pas attention,Une femme,1948,A la retraite,Non,Non,196,196,0,0,0,1,1,0,0,0,1,0,0,0,0,1,0,1,0,1,0,0,0,1,0,1,0,0,0,1,0,0,0,1,0,1,0,0,0,0,0
104,2020-12-29T07:38:45Z,2020-12-29T07:42:48Z,Milieu familial;Avec les amis;,Plutôt d'accord,Plutôt d'accord,Plutôt d'accord,Plutôt en désaccord,Tout à fait d'accord,Plutôt d'accord,Dans les groupes de jeunes personnes,Je n'y prête pas attention,Une femme,1975,Actif professionnellement,Non,Non,243,243,0,0,1,1,1,0,0,0,1,0,1,0,1,1,0,1,0,0,0,1,0,1,1,0,0,0,0,1,0,0,1,1,0,0,0,0,0,0,0
105,2020-12-29T13:45:18Z,2020-12-29T13:49:53Z,Avec les amis;,En désaccord total,Plutôt d'accord,En désaccord total,Plutôt d'accord,En désaccord total,En désaccord total,Dans les groupes de jeunes personnes,Je n'y prête pas attention,Un homme,1998,En formation,Oui,Oui,275,275,1,1,1,0,1,1,0,0,1,0,0,0,0,0,1,1,1,1,0,0,0,1,1,0,0,0,0,1,0,1,0,0,0,0,0,0,0,0,0
106,2020-12-29T15:30:53Z,2020-12-29T15:33:52Z,Avec les amis;,Tout à fait d'accord,Plutôt d'accord,Neutre,Plutôt en désaccord,Neutre,Plutôt d'accord,Dans les groupes de jeunes personnes,Non,Une femme,2000,En formation,Je me débrouille,Non,179,179,1,0,1,1,1,1,1,1,1,1,1,0,1,1,1,1,1,1,1,1,0,1,1,1,1,0,1,1,0,0,1,0,0,0,1,0,0,0,0
107,2020-12-29T18:56:32Z,2020-12-29T19:02:24Z,Milieu professionnel ;,Tout à fait d'accord,Tout à fait d'accord,Plutôt d'accord,En désaccord total,Plutôt d'accord,Tout à fait d'accord,Autre,Oui,Un homme,1951,A la retraite,Un petit peu,Oui,352,352,0,1,0,1,1,1,1,0,1,0,1,0,1,1,0,1,1,1,1,0,0,1,1,0,1,0,0,1,0,1,0,1,0,1,1,1,0,0,0
108,2020-12-29T19:02:52Z,2020-12-29T19:11:19Z,Milieu familial;,Plutôt d'accord,Tout à fait d'accord,En désaccord total,En désaccord total,Tout à fait d'accord,Tout à fait d'accord,Dans la rue,Oui,Une femme,1946,A la retraite,Un petit peu,Oui,507,507,0,0,0,1,1,0,1,0,1,0,1,0,1,1,0,1,1,1,0,0,0,0,0,0,0,0,0,1,0,0,0,1,0,0,0,0,0,0,0
109,2020-12-29T19:11:34Z,2020-12-29T19:20:42Z,Milieu professionnel ;,Neutre,Plutôt en désaccord,En désaccord total,Neutre,Plutôt en désaccord,Tout à fait d'accord,Dans les groupes de jeunes personnes,Je n'y prête pas attention,Une femme,2009,Autre,Un petit peu,Oui,548,548,1,0,1,0,1,0,0,0,1,1,1,0,0,1,0,1,0,1,0,0,0,1,0,0,0,0,1,1,0,0,0,0,0,0,0,0,0,0,0
110,2020-12-29T21:19:05Z,2020-12-29T21:25:36Z,Milieu professionnel ;Avec les amis;,Neutre,Plutôt d'accord,Plutôt en désaccord,Plutôt en désaccord,Neutre,Plutôt d'accord,Dans les groupes de jeunes personnes,Je n'y prête pas attention,Un homme,1998,Actif professionnellement,Un petit peu,Oui,391,391,0,1,0,0,1,0,1,0,1,1,1,0,1,1,1,1,1,0,0,0,0,0,0,0,0,0,0,1,0,0,0,0,1,0,0,0,0,0,0
111,2020-12-29T21:35:43Z,2020-12-29T21:38:51Z,Milieu professionnel ;Avec les amis;,Plutôt d'accord,Plutôt en désaccord,En désaccord total,En désaccord total,Plutôt en désaccord,En désaccord total,Dans les groupes de jeunes personnes,Je n'y prête pas attention,Une femme,2001,En formation,Un petit peu,Oui,188,188,1,1,1,0,1,0,1,0,0,1,1,0,1,1,1,1,1,0,0,1,1,1,1,1,1,0,0,1,0,0,1,0,0,0,0,0,0,0,0
112,2020-12-29T21:42:03Z,2020-12-29T21:44:13Z,Avec les amis;Milieu professionnel ;,Plutôt en désaccord,Neutre,En désaccord total,Plutôt d'accord,Plutôt en désaccord,En désaccord total,Autre,Non,Une femme,2000,Autre,Oui,Oui,130,130,1,1,1,1,1,1,1,1,1,1,1,1,1,1,1,1,1,1,1,1,1,1,1,1,1,1,1,1,1,1,1,1,0,1,1,0,1,0,1
113,2020-12-29T21:46:35Z,2020-12-29T21:50:44Z,Milieu professionnel ;Avec les amis;,Plutôt en désaccord,Plutôt d'accord,En désaccord total,Neutre,Plutôt en désaccord,Plutôt d'accord,Dans les groupes de jeunes personnes,Non,Un homme,1999,En formation,Je me débrouille,Oui,249,249,0,0,0,0,0,1,1,1,1,1,0,1,0,1,1,1,0,1,0,0,0,0,1,0,1,0,1,1,0,0,0,0,0,1,0,1,1,0,0
114,2020-12-29T21:47:49Z,2020-12-29T21:50:49Z,Avec les amis;,Plutôt en désaccord,Plutôt d'accord,En désaccord total,Plutôt d'accord,En désaccord total,En désaccord total,Dans les groupes de jeunes personnes,Je n'y prête pas attention,Non binaire,2003,Autre,Je me débrouille,Oui,180,180,1,1,1,1,1,0,0,0,0,1,1,1,0,1,1,1,1,1,1,1,0,1,0,0,0,0,0,1,0,0,0,0,0,0,1,0,0,0,1
115,2020-12-29T21:46:05Z,2020-12-29T21:51:15Z,Avec les amis;,Plutôt d'accord,Plutôt en désaccord,En désaccord total,Plutôt d'accord,En désaccord total,En désaccord total,Dans les groupes de jeunes personnes,Je n'y prête pas attention,Un homme,1990,Autre,Un petit peu,Oui,310,310,1,1,1,1,1,1,1,0,1,1,1,1,0,1,1,1,1,1,0,0,0,1,1,0,0,0,1,1,1,1,1,0,0,0,1,0,1,0,1
116,2020-12-29T21:53:34Z,2020-12-29T21:58:24Z,Avec les amis;,Plutôt d'accord,Plutôt en désaccord,En désaccord total,Plutôt d'accord,Plutôt en désaccord,Plutôt en désaccord,Autre,Je n'y prête pas attention,Un homme,2003,En formation,Oui,Oui,290,290,1,1,1,1,1,0,1,0,1,1,1,1,0,1,1,1,1,1,1,0,0,1,0,0,1,1,0,1,1,1,0,0,0,0,1,0,1,0,0
117,2020-12-29T22:07:19Z,2020-12-29T22:10:07Z,Milieu professionnel ;Avec les amis;,Plutôt d'accord,Neutre,Plutôt en désaccord,Neutre,Plutôt d'accord,Plutôt d'accord,Au travail,Oui,Une femme,1996,Actif professionnellement,Oui,Oui,168,168,1,1,1,1,1,1,1,1,1,1,1,1,1,1,1,1,1,1,1,1,1,1,1,1,1,1,1,1,1,1,1,1,0,1,1,1,0,0,1
118,2020-12-29T22:10:27Z,2020-12-29T22:12:57Z,Avec les amis;Milieu professionnel ;Milieu familial;,Plutôt d'accord,Neutre,En désaccord total,Neutre,En désaccord total,En désaccord total,Dans les groupes de jeunes personnes,Je n'y prête pas attention,Une femme,2000,En formation,Je me débrouille,Non,150,150,1,1,1,1,1,1,1,0,1,1,1,1,1,1,1,1,1,1,0,1,1,1,1,1,1,1,1,1,1,1,1,1,1,0,1,1,0,0,0
119,2020-12-29T22:09:25Z,2020-12-29T22:14:26Z,Milieu familial;Avec les amis;,Neutre,Neutre,En désaccord total,Plutôt en désaccord,En désaccord total,Neutre,Dans les groupes de jeunes personnes,Je n'y prête pas attention,Une femme,1996,Actif professionnellement,Je me débrouille,Oui,301,301,1,1,1,1,1,1,1,1,1,1,1,1,1,1,1,1,1,0,1,1,1,1,1,1,1,1,1,1,0,1,1,1,0,0,1,1,0,0,0
120,2020-12-29T22:19:31Z,2020-12-29T22:38:15Z,Milieu professionnel ;,Plutôt d'accord,Tout à fait d'accord,Plutôt en désaccord,Plutôt d'accord,Neutre,En désaccord total,Dans les groupes de jeunes personnes,Je n'y prête pas attention,Un homme,1999,En formation,Oui,Non,1124,1124,1,0,1,1,1,0,1,0,0,1,0,0,0,1,1,1,1,1,0,0,1,1,1,0,1,0,0,1,1,0,0,0,0,0,1,1,0,0,0
121,2020-12-29T22:29:13Z,2020-12-29T22:47:15Z,Avec les amis;Autre;,Neutre,Neutre,En désaccord total,Plutôt d'accord,Neutre,Plutôt en désaccord,Autre,Je n'y prête pas attention,Un homme,2007,Autre,Je me débrouille,Oui,1082,1082,1,1,1,1,1,1,1,1,1,1,1,1,1,1,1,1,1,0,1,1,1,1,1,0,1,1,1,1,0,1,1,0,0,1,1,0,0,0,1
122,2020-12-29T23:54:41Z,2020-12-29T23:58:35Z,Avec les amis;,Tout à fait d'accord,Plutôt d'accord,En désaccord total,Plutôt en désaccord,Neutre,Plutôt d'accord,Dans les groupes de jeunes personnes,Je n'y prête pas attention,Un homme,1998,En formation,Je me débrouille,Oui,234,234,1,1,1,1,1,0,1,0,1,1,1,1,1,1,0,1,1,0,1,1,0,1,1,0,1,0,1,1,1,1,0,1,0,0,1,1,0,0,0
123,2020-12-30T00:04:34Z,2020-12-30T00:06:56Z,Milieu professionnel ;,Neutre,Plutôt en désaccord,Plutôt en désaccord,Neutre,En désaccord total,En désaccord total,Au travail,Je n'y prête pas attention,Une femme,2002,En formation,Oui,Oui,142,142,1,1,1,1,1,1,1,1,1,1,1,0,1,1,1,1,1,1,1,1,1,1,1,0,1,1,1,1,1,0,1,0,0,1,1,1,1,0,0
124,2020-12-30T07:28:45Z,2020-12-30T07:36:04Z,Milieu professionnel ;,Tout à fait d'accord,Plutôt d'accord,Neutre,Plutôt en désaccord,Tout à fait d'accord,Tout à fait d'accord,Autre,Oui,Un homme,1969,Actif professionnellement,Je me débrouille,Oui,439,439,0,1,1,0,1,1,1,1,1,1,1,0,1,1,0,1,1,0,1,0,1,0,1,0,1,1,1,1,0,1,1,1,0,0,1,1,0,0,0
125,2020-12-30T08:54:35Z,2020-12-30T09:02:55Z,Avec les amis;Milieu professionnel ;,Plutôt d'accord,Tout à fait d'accord,En désaccord total,Neutre,Neutre,Plutôt d'accord,Dans les groupes de jeunes personnes,Je n'y prête pas attention,Un homme,2001,En formation,Je me débrouille,Oui,500,500,1,1,1,0,1,1,1,1,1,1,1,1,0,1,1,1,1,1,1,1,1,1,1,1,1,1,1,1,1,1,1,0,1,0,1,0,0,0,0
126,2020-12-30T09:47:12Z,2020-12-30T09:51:30Z,Avec les amis;,Tout à fait d'accord,Plutôt d'accord,Neutre,Neutre,En désaccord total,Plutôt en désaccord,Dans les groupes de jeunes personnes,Je n'y prête pas attention,Une femme,1993,En formation,Un petit peu,Oui,258,258,1,1,1,1,1,1,1,1,1,1,1,0,1,1,1,1,1,1,1,1,1,1,1,1,1,1,1,1,1,1,1,1,1,1,1,0,0,0,0
127,2020-12-30T12:03:27Z,2020-12-30T12:05:37Z,Avec les amis;,Neutre,Plutôt d'accord,Plutôt en désaccord,Neutre,Neutre,Neutre,Dans les groupes de jeunes personnes,Je n'y prête pas attention,Une femme,1991,Actif professionnellement,Oui,Oui,130,130,1,1,1,1,1,1,1,0,1,1,1,0,1,1,1,1,1,1,1,1,0,1,1,1,1,1,1,1,0,1,1,1,0,1,1,0,0,0,0
128,2020-12-30T13:06:27Z,2020-12-30T13:08:00Z,Avec les amis;,Plutôt d'accord,Plutôt d'accord,Neutre,Neutre,Plutôt en désaccord,Plutôt en désaccord,Dans les groupes de jeunes personnes,Je n'y prête pas attention,Un homme,1999,En formation,Oui,Oui,93,93,1,0,0,0,1,0,0,0,0,1,0,1,0,1,1,1,0,0,0,0,0,0,0,0,0,0,0,1,0,0,0,0,0,0,0,0,0,0,0
129,2020-12-30T13:49:34Z,2020-12-30T13:55:37Z,Avec les amis;,Tout à fait d'accord,Tout à fait d'accord,Plutôt d'accord,Plutôt en désaccord,Plutôt d'accord,Plutôt d'accord,Autre,Non,Une femme,1971,Actif professionnellement,Oui,Oui,363,363,0,1,1,0,1,1,0,1,0,1,1,0,1,1,0,1,1,1,0,0,1,1,1,1,1,1,0,1,1,1,1,1,0,0,0,1,0,0,0
130,2020-12-30T17:16:14Z,2020-12-30T17:32:44Z,Avec les amis;,Plutôt d'accord,Plutôt d'accord,Plutôt en désaccord,Plutôt en désaccord,Neutre,En désaccord total,Dans la rue,Je n'y prête pas attention,Une femme,1993,Actif professionnellement,Oui,Oui,990,990,0,1,1,0,1,0,1,0,1,1,0,0,1,1,1,1,1,1,1,1,0,1,1,0,1,1,1,1,0,0,1,1,0,1,0,1,0,0,0
131,2020-12-31T12:04:32Z,2020-12-31T12:08:35Z,Avec les amis;,Plutôt d'accord,Plutôt en désaccord,Neutre,Neutre,En désaccord total,Plutôt en désaccord,Dans les groupes de jeunes personnes,Non,Un homme,1993,En formation,Oui,Oui,243,243,1,1,1,1,1,1,1,1,1,1,1,1,1,1,1,1,1,1,1,0,1,1,1,1,1,0,1,1,1,1,1,1,1,0,1,1,0,0,0
132,2020-12-31T12:03:17Z,2020-12-31T12:10:17Z,Avec les amis;Milieu familial;,Neutre,Plutôt d'accord,Plutôt en désaccord,Plutôt en désaccord,Neutre,Neutre,Dans les groupes de jeunes personnes,Non,Une femme,1995,En formation,Oui,Oui,420,420,1,1,1,0,1,1,1,1,1,1,1,1,1,1,1,1,1,1,1,1,1,1,1,1,1,1,1,1,1,1,1,1,0,1,1,0,0,0,0
133,2020-12-31T12:21:56Z,2020-12-31T12:32:02Z,Milieu professionnel ;Avec les amis;,Plutôt d'accord,Plutôt d'accord,Plutôt d'accord,Plutôt d'accord,Plutôt en désaccord,Plutôt en désaccord,Au travail,Non,Une femme,1961,Actif professionnellement,Oui,Oui,606,606,1,1,1,0,1,1,1,1,1,1,1,1,0,1,1,0,1,1,1,1,1,1,1,1,1,1,1,1,1,1,1,1,0,1,1,1,0,0,0
