Name,region,abortion,environment,gay_rights,families_payments
Alaska,west,12,9,0.125,853.059665947707
Alabama,south,1,10,0,407.969883540185
Arkansas,south,1,9,0,602.062891002177
Arizona,plains,3,13,0.25,617.634498674555
California,west,13,38,0.875,1107.06456127708
Colorado,plains,7,19,0.625,1003.22082088956
Connecticut,newengland,12,32,1,915.998602961935
Delaware,midatlantic,7,17,0.25,494.487792545764
Florida,south,1,25,0.125,561.687390143837
Georgia,south,3,16,0.125,539.772586542218
Hawaii,west,12,19,0.75,1144.92899958715
Iowa,plains,7,23,0.75,927.492201696316
Idaho,plains,1,13,0,820.74432122437
Illinois,midwest,9,22,0.75,1223.43833062749
Indiana,midwest,1,20,0.125,653.614999767465
Kansas,plains,1,18,0.125,855.341639001122
Kentucky,south,1,16,0.25,673.126370760571
Louisiana,south,1,19,0.125,502.506806069145
Massachusetts,newengland,9,27,1,1057.67595126943
Maryland,midatlantic,12,26,0.375,746.172609484943
Maine,newengland,12,33,0.875,576.299766626052
Michigan,midwest,1,28,0,1160.85393382266
Minnesota,midwest,7,31,0.375,1148.03861983464
Missouri,plains,1,15,0,482.325562582077
Mississippi,south,1,15,0,279.81475135815
Montana,plains,12,13,0.375,776.067753112855
North Carolina,south,3,24,0,724.52038739963
North Dakota,plains,1,12,0.125,809.306794537271
Nebraska,plains,1,16,0.125,664.20558039483706
New Hampshire,newengland,9,19,0.625,888.926038734822
New Jersey,midatlantic,12,31,0.875,1027.53178221618
New Mexico,plains,12,14,0.625,622.531911776518
Nevada,west,12,12,0.5,537.28056524526
New York,midatlantic,12,32,0.75,1269.53393809725
Ohio,midwest,1,24,0.125,749.783019688647
Oklahoma,south,1,13,0.125,790.169986805519
Oregon,west,12,33,0.75,1035.33516943435
Pennsylvania,midatlantic,1,21,0.25,1047.15559123636
Rhode Island,newengland,3,31,0.625,901.277362141142
South Carolina,south,1,15,0,474.763052990679
South Dakota,plains,1,12,0.125,803.978383693211
Tennessee,south,3,14,0.125,565.471063030487
Texas,south,1,18,0,615.494471766854
Utah,plains,1,13,0,935.991022106204
Virginia,south,1,19,0,871.305762796845
Vermont,newengland,12,28,1,941.295705882119
Washington,west,13,28,0.875,1057.50895824952
Wisconsin,midwest,3,29,0.375,1240.76851367331
West Virginia,south,9,11,0.125,802.833606447606
Wyoming,plains,3,13,0.125,681.14706961401
