country,year,coal_consumption,oil_consumption,gas_consumption,nuclear_consumption,hydro_consumption,wind_consumption,solar_consumption,other_renewable_consumption
Africa,1965,323.496,341.073,9.572,0.000,38.627,0.000,0.000,0.000
Africa,1966,323.122,369.465,10.698,0.000,43.083,0.000,0.000,0.000
Africa,1967,330.292,368.282,10.574,0.000,44.974,0.000,0.000,0.000
Africa,1968,343.513,389.572,10.717,0.000,52.607,0.000,0.000,0.000
Africa,1969,346.643,397.373,12.520,0.000,61.391,0.000,0.000,0.000
Africa,1970,360.757,434.288,15.549,0.000,76.751,0.000,0.000,0.000
Africa,1971,383.012,472.225,18.405,0.000,72.259,0.000,0.000,0.512
Africa,1972,384.211,509.096,24.671,0.000,82.314,0.000,0.000,0.516
Africa,1973,408.910,549.643,39.552,0.000,87.071,0.000,0.000,0.531
Africa,1974,425.646,570.538,44.518,0.000,99.075,0.000,0.000,0.547
Africa,1975,451.081,598.607,53.638,0.000,104.772,0.000,0.000,0.538
Africa,1976,481.074,651.365,60.981,0.000,116.105,0.000,0.000,0.578
Africa,1977,491.698,692.912,68.234,0.000,127.580,0.000,0.000,0.591
Africa,1978,477.816,730.728,97.370,0.000,128.630,0.000,0.000,0.609
Africa,1979,507.247,770.225,148.843,0.000,137.681,0.000,0.000,0.628
Africa,1980,543.557,818.958,186.914,0.000,134.199,0.000,0.000,0.647
Africa,1981,635.799,887.728,228.491,0.000,139.425,0.000,0.000,0.681
Africa,1982,701.176,930.677,246.734,0.000,139.462,0.000,0.000,0.738
Africa,1983,713.246,964.218,271.275,0.000,125.687,0.000,0.000,0.719
Africa,1984,762.898,978.612,259.903,10.903,123.583,0.000,0.000,0.731
Africa,1985,787.166,1003.688,278.843,14.764,137.360,0.000,0.000,0.841
Africa,1986,805.356,979.983,313.271,24.453,142.070,0.000,0.000,2.059
Africa,1987,828.320,1037.796,323.384,17.131,136.268,0.000,0.000,2.056
Africa,1988,890.161,1081.390,358.445,29.147,148.871,0.000,0.000,1.956
Africa,1989,835.621,1117.382,371.471,30.831,156.323,0.000,0.000,1.928
Africa,1990,877.678,1138.285,398.645,23.469,159.041,0.000,0.000,2.518
Africa,1991,853.762,1142.539,401.636,25.400,168.476,0.000,0.000,2.568
Africa,1992,858.831,1162.546,421.270,25.800,160.723,0.000,0.000,2.669
Africa,1993,871.714,1175.409,412.644,20.153,157.451,0.006,0.000,2.967
Africa,1994,894.448,1213.804,431.828,26.936,159.989,0.015,0.000,2.646
Africa,1995,922.471,1253.982,461.243,31.392,165.973,0.018,0.000,3.214
Africa,1996,935.228,1282.561,484.192,32.708,173.050,0.020,0.000,3.962
Africa,1997,959.019,1322.649,474.476,35.131,177.311,0.020,0.000,4.364
Africa,1998,937.039,1351.266,499.337,37.781,185.152,0.021,0.000,5.388
Africa,1999,966.011,1400.916,504.020,35.658,196.345,0.055,0.000,5.343
Africa,2000,963.731,1408.781,556.822,36.139,209.172,0.487,0.034,7.109
Africa,2001,975.926,1431.300,634.636,29.610,223.510,1.148,0.042,7.338
Africa,2002,934.422,1465.178,670.636,32.852,233.063,1.215,0.045,7.225
Africa,2003,1017.048,1499.097,711.536,34.504,225.115,1.459,0.053,8.267
Africa,2004,1119.162,1569.359,830.449,36.220,236.387,2.082,0.063,9.416
Africa,2005,1039.073,1643.527,808.028,30.357,238.826,2.098,0.073,9.592
Africa,2006,1054.097,1669.940,843.748,26.807,246.136,2.280,0.094,11.994
Africa,2007,1071.633,1727.311,900.415,30.098,253.205,2.703,0.117,9.998
Africa,2008,1180.725,1799.118,956.972,34.311,255.837,3.462,0.165,10.382
Africa,2009,1176.002,1870.079,941.238,33.612,261.330,4.172,0.219,11.408
Africa,2010,1167.166,1958.060,981.420,35.227,280.435,5.950,0.524,12.049
Africa,2011,1149.025,1958.386,1061.593,33.425,286.874,6.186,1.520,12.458
Africa,2012,1120.186,2105.035,1147.430,33.421,285.776,6.489,2.446,13.459
Africa,2013,1132.152,2203.094,1170.056,36.077,300.054,9.196,1.887,14.444
Africa,2014,1185.709,2253.490,1202.350,35.099,315.957,12.881,4.722,17.603
Africa,2015,1123.271,2320.053,1307.761,30.980,306.244,22.564,8.977,22.572
Africa,2016,1191.632,2315.464,1350.467,37.754,299.830,28.087,13.213,22.865
Africa,2017,1192.772,2349.577,1455.745,35.482,313.826,34.035,17.278,23.550
Africa,2018,1170.136,2337.529,1553.010,28.806,334.364,36.727,20.732,25.695
Africa,2019,1239.350,2364.799,1576.509,32.802,341.183,47.731,27.309,25.956
Africa,2020,1199.677,2145.362,1541.844,24.452,363.973,47.188,37.485,24.988
Africa,2021,1204.394,2333.063,1765.491,30.431,383.023,56.553,43.000,25.196
Africa,2022,1150.929,2468.469,1753.918,24.816,397.853,60.747,42.326,26.471
Africa,2023,1179.417,2474.701,1790.818,19.756,407.604,69.292,46.250,30.410
Africa,2024,1194.997,2543.773,1780.349,19.024,414.819,70.906,50.888,33.729
Asia,1965,2604.784,2249.215,94.068,0.069,396.961,0.000,0.000,0.312
Asia,1966,2753.783,2581.326,108.518,1.622,414.015,0.000,0.000,0.381
Asia,1967,2667.211,2914.791,126.202,1.747,386.807,0.000,0.000,0.541
Asia,1968,2708.168,3263.278,148.637,2.900,429.948,0.000,0.000,0.559
Asia,1969,3056.827,3828.259,183.468,5.019,446.345,0.000,0.000,0.556
Asia,1970,3440.954,4448.179,218.328,16.359,456.893,0.000,0.000,1.277
Asia,1971,3699.032,4877.737,249.007,25.086,499.780,0.000,0.000,1.243
Asia,1972,3842.575,5359.248,276.804,29.464,516.865,0.000,0.000,1.324
Asia,1973,3932.508,6035.336,338.353,33.446,480.508,0.000,0.000,1.409
Asia,1974,4027.638,5968.027,400.503,61.189,547.260,0.000,0.000,1.608
Asia,1975,4352.356,6064.072,459.153,77.440,589.547,0.000,0.000,1.870
Asia,1976,4453.996,6553.718,511.226,103.478,606.390,0.000,0.000,1.652
Asia,1977,4754.668,6917.457,619.925,94.467,595.680,0.000,0.000,2.352
Asia,1978,4987.234,7268.873,733.882,185.383,627.385,0.000,0.000,3.024
Asia,1979,5233.940,7446.092,894.377,228.538,678.325,0.000,0.000,5.880
Asia,1980,5541.419,7003.635,932.266,268.875,726.797,0.000,0.000,10.226
Asia,1981,5723.564,6928.203,957.291,288.942,775.039,0.000,0.000,16.121
Asia,1982,5951.464,6931.045,1022.448,337.921,767.682,0.000,0.000,43.084
Asia,1983,6326.967,7244.832,1100.335,404.193,802.860,0.000,0.000,49.905
Asia,1984,6892.806,7399.001,1352.996,486.155,804.732,0.000,0.000,54.700
Asia,1985,7993.004,8200.466,2157.768,597.819,953.401,0.000,0.000,58.305
Asia,1986,8322.276,8378.057,2427.471,635.893,960.682,0.000,0.000,60.981
Asia,1987,8908.044,8769.788,2586.563,752.790,995.322,0.000,0.000,62.016
Asia,1988,9504.191,9369.528,2777.177,710.369,1143.641,0.000,0.000,66.885
Asia,1989,9890.940,9777.934,3012.626,741.598,1170.012,0.000,0.000,72.251
Asia,1990,10082.525,10285.836,3132.371,797.607,1233.704,0.093,0.011,59.026
Asia,1991,10483.272,10685.878,3316.260,851.853,1247.300,0.342,0.011,60.255
Asia,1992,10810.011,11305.446,3529.378,874.528,1256.360,0.613,0.043,61.060
Asia,1993,11308.551,11764.931,3513.724,969.100,1396.362,0.861,0.079,60.476
Asia,1994,11852.272,12373.638,3796.995,1034.552,1385.293,1.606,0.100,71.713
Asia,1995,12032.314,12971.222,4033.956,1140.515,1495.450,3.096,0.138,86.194
Asia,1996,12537.888,13536.183,4316.742,1204.700,1485.436,2.714,0.202,87.578
Asia,1997,12547.064,14186.285,4538.376,1281.556,1480.205,3.322,0.323,98.828
Asia,1998,12526.393,13918.754,4738.891,1333.529,1568.477,4.050,0.465,105.337
Asia,1999,12835.338,14333.619,5115.054,1355.945,1527.814,5.638,0.682,115.599
Asia,2000,13339.104,14925.476,5395.232,1394.567,1573.966,6.618,1.056,127.038
Asia,2001,13965.954,15062.202,5743.811,1404.947,1689.446,8.841,1.526,129.908
Asia,2002,15044.008,15434.177,6092.314,1428.963,1735.465,9.508,2.106,134.254
Asia,2003,17211.541,16057.086,6501.564,1264.380,1793.525,12.518,2.864,140.213
Asia,2004,19374.244,17079.238,7001.473,1442.849,2101.375,22.085,3.763,148.203
Asia,2005,22016.176,17395.297,7522.110,1494.242,2159.894,27.556,4.745,166.048
Asia,2006,23737.959,17868.775,7987.729,1525.556,2364.637,42.936,5.852,178.656
Asia,2007,25788.289,18382.000,8628.250,1455.633,2468.902,56.729,6.980,198.761
Asia,2008,26510.963,18597.172,9204.166,1402.011,2779.292,86.073,8.400,223.753
Asia,2009,27420.240,18687.225,9460.219,1459.046,2685.825,133.008,10.816,248.283
Asia,2010,28709.678,19837.582,10398.478,1524.571,3069.291,203.035,15.254,277.217
Asia,2011,30827.152,20370.314,11160.830,1258.515,3091.415,285.268,26.971,296.313
Asia,2012,31528.883,21265.395,11782.745,893.496,3481.396,371.348,40.312,319.164
Asia,2013,32159.578,21675.939,12040.942,896.964,3731.308,473.130,74.919,353.037
Asia,2014,32643.232,22036.230,12562.042,961.585,4053.037,537.102,151.152,415.080
Asia,2015,32278.797,22830.945,13010.474,1078.561,4198.788,609.825,233.095,459.728
Asia,2016,31888.119,23681.215,13352.568,1197.376,4330.259,784.552,348.973,482.732
Asia,2017,32642.383,24337.588,14003.046,1257.886,4417.545,978.332,546.034,550.430
Asia,2018,33640.488,24807.426,14590.590,1399.379,4498.550,1160.788,773.851,676.505
Asia,2019,34436.355,25046.203,14958.739,1622.582,4788.784,1274.459,974.010,756.491
Asia,2020,34406.691,23627.764,15378.920,1643.703,4899.202,1429.059,1168.533,853.239
Asia,2021,36078.613,24458.723,16204.585,1798.575,4799.960,1942.010,1450.120,995.401
Asia,2022,36714.109,25288.162,16119.678,1885.318,4923.238,2235.840,1825.438,1096.409
Asia,2023,38051.109,26503.283,16356.070,2011.802,4620.147,2569.898,2319.903,1172.684
Asia,2024,38880.117,26750.393,16982.660,2109.729,5051.385,2864.066,3059.884,1236.373
Europe,1965,9548.794,6933.232,1595.904,59.827,1059.584,0.000,0.000,9.091
Europe,1966,9420.777,7552.965,1786.635,77.375,1150.152,0.000,0.000,12.434
Europe,1967,9291.548,8203.042,2008.786,89.244,1140.700,0.000,0.000,13.488
Europe,1968,9340.795,8936.249,2280.008,102.626,1214.172,0.000,0.000,15.056
Europe,1969,9481.040,9826.869,2583.965,124.266,1229.755,0.000,0.000,16.390
Europe,1970,9329.971,10877.038,2980.236,135.976,1298.395,0.000,0.000,21.726
Europe,1971,9149.114,11434.074,3407.776,156.262,1314.033,0.000,0.000,22.093
Europe,1972,9051.465,12275.271,3805.590,214.850,1343.133,0.000,0.000,21.711
Europe,1973,9181.223,13148.836,4218.347,246.356,1358.484,0.000,0.000,23.332
Europe,1974,9144.451,12937.709,4606.604,302.332,1466.571,0.000,0.000,24.485
Europe,1975,9133.580,12798.231,4989.565,403.538,1465.539,0.000,0.000,25.940
Europe,1976,9361.901,13493.773,5461.018,484.032,1400.541,0.000,0.000,26.014
Europe,1977,9432.452,13559.638,5792.314,590.203,1651.981,0.000,0.000,27.070
Europe,1978,9490.763,14288.755,6109.833,650.021,1710.819,0.008,0.000,28.860
Europe,1979,9756.863,14616.532,6470.533,727.887,1780.233,0.017,0.000,30.056
Europe,1980,9750.397,14167.721,6579.617,862.292,1770.434,0.029,0.000,33.140
Europe,1981,9612.252,13576.338,6774.275,1130.066,1790.453,0.029,0.000,33.261
Europe,1982,9695.899,13103.428,7038.406,1257.397,1741.167,0.051,0.000,30.738
Europe,1983,9772.314,12790.341,7458.569,1464.317,1803.181,0.084,0.000,31.677
Europe,1984,9714.767,12839.501,8014.574,1867.378,1874.320,0.106,0.003,32.776
Europe,1985,9438.529,12087.632,7673.371,2207.886,1805.995,0.159,0.003,36.009
Europe,1986,9425.001,12438.036,7815.640,2344.611,1772.344,0.371,0.003,39.060
Europe,1987,9519.900,12472.559,8216.188,2482.307,1869.017,0.530,0.000,38.648
Europe,1988,9342.775,12468.503,8473.379,2725.117,1941.299,0.916,0.003,41.130
Europe,1989,9155.611,12485.897,8641.229,2842.119,1765.019,1.432,0.025,42.530
Europe,1990,8633.650,12843.113,9065.899,2813.529,1794.558,2.165,0.035,59.215
Europe,1991,8057.403,12617.629,9232.273,2883.096,1827.759,2.721,0.043,61.077
Europe,1992,7567.019,12179.390,8846.303,2899.945,1876.498,4.263,0.070,64.565
Europe,1993,7006.555,11421.186,8842.119,3000.040,1918.533,6.365,0.090,71.169
Europe,1994,6479.114,11101.818,8438.882,2916.896,1951.088,8.300,0.096,74.978
Europe,1995,6366.579,11000.466,8537.651,2990.575,1959.703,10.759,0.125,82.166
Europe,1996,6171.309,10854.875,9068.158,3169.504,1838.730,13.443,0.133,82.885
Europe,1997,5902.960,10868.521,8655.780,3196.627,1904.489,20.294,0.158,98.025
Europe,1998,5678.004,10922.684,8868.485,3159.410,1973.043,31.053,0.187,110.358
Europe,1999,5441.981,10781.334,9048.179,3228.000,2011.390,39.540,0.223,116.568
Europe,2000,5587.136,10490.904,9259.316,3275.844,2085.947,62.257,0.207,127.936
Europe,2001,5552.031,10654.416,9413.887,3366.602,2104.665,74.212,0.537,140.194
Europe,2002,5550.795,10576.425,9468.499,3388.653,1897.172,99.823,0.862,159.420
Europe,2003,5721.253,10664.976,9779.315,3419.357,1773.115,122.212,1.277,182.425
Europe,2004,5584.339,10736.234,10045.516,3433.932,1898.541,161.922,2.035,217.030
Europe,2005,5411.256,10794.648,10212.560,3385.426,1894.676,192.402,4.066,248.338
Europe,2006,5605.004,10876.780,10348.109,3380.351,1847.978,223.686,6.871,281.106
Europe,2007,5597.710,10676.757,10317.486,3233.000,1874.384,282.354,10.314,312.557
Europe,2008,5399.295,10626.226,10336.460,3213.532,1912.459,320.129,20.025,344.901
Europe,2009,4798.298,10075.941,9586.960,3065.645,1910.822,353.465,37.596,376.890
Europe,2010,4955.159,10088.360,10321.260,3130.785,1993.478,391.972,61.246,427.186
Europe,2011,5149.184,9965.286,9939.428,3100.665,1762.732,472.758,122.309,455.910
Europe,2012,5274.971,9744.183,9708.878,3030.061,1884.627,539.931,186.030,505.357
Europe,2013,5101.382,9548.623,9549.503,2963.508,2004.000,616.127,221.329,534.740
Europe,2014,4740.998,9536.093,8948.364,2985.245,1976.751,653.297,250.337,567.966
Europe,2015,4632.695,9555.889,8898.473,2945.534,1869.153,779.558,276.657,603.951
Europe,2016,4417.303,9710.562,9310.262,2860.642,1937.359,773.997,283.384,611.950
Europe,2017,4218.264,9930.855,9569.403,2847.586,1784.560,917.804,303.380,627.786
Europe,2018,4152.149,9894.459,9748.450,2836.814,1933.815,956.128,323.116,646.338
Europe,2019,3591.710,9923.030,9755.025,2818.610,1817.165,1086.886,353.721,667.114
Europe,2020,3106.288,8785.337,9371.511,2590.609,1964.484,1211.968,412.571,681.799
Europe,2021,3375.328,9213.165,9646.293,2735.747,2005.215,1165.434,460.384,716.525
Europe,2022,3342.396,9510.830,9118.345,2384.118,1711.317,1292.229,576.685,691.997
Europe,2023,2877.295,9464.045,8832.303,2353.044,1901.941,1426.539,683.301,643.795
Europe,2024,2670.720,9577.696,9115.708,2432.990,2033.953,1453.915,816.750,639.057
North America,1965,3412.837,7506.414,4467.994,11.048,910.128,0.000,0.000,41.663
North America,1966,3566.453,7875.018,4818.547,16.651,952.669,0.000,0.000,43.944
North America,1967,3502.925,8203.526,5073.147,22.914,1039.360,0.000,0.000,43.980
North America,1968,3634.613,8743.642,5441.502,39.233,1053.313,0.000,0.000,48.581
North America,1969,3642.380,9170.439,5880.727,42.336,1173.582,0.000,0.000,50.710
North America,1970,3624.521,9623.501,6213.835,66.761,1192.761,0.000,0.000,50.737
North America,1971,3432.438,9955.128,6418.509,123.386,1257.039,0.000,0.000,55.301
North America,1972,3556.829,10731.912,6532.894,178.395,1331.361,0.000,0.000,61.500
North America,1973,3812.402,11412.023,6521.563,286.592,1368.693,0.000,0.000,66.483
North America,1974,3731.304,11087.142,6325.490,374.157,1495.623,0.000,0.000,68.851
North America,1975,3729.370,10877.055,5870.059,539.387,1464.976,0.000,0.000,67.642
North America,1976,4013.353,11633.746,5978.472,607.210,1455.149,0.000,0.000,80.302
North America,1977,4174.850,12218.014,5901.934,806.749,1302.610,0.000,0.000,84.725
North America,1978,4084.048,12544.354,5964.011,894.868,1508.129,0.000,0.000,89.152
North America,1979,4426.306,12383.885,6184.563,844.041,1539.724,0.000,0.000,94.000
North America,1980,4579.729,11616.032,6086.529,839.900,1546.307,0.000,0.000,96.473
North America,1981,4716.954,10979.948,5964.575,908.588,1568.755,0.000,0.000,102.112
North America,1982,4573.842,10401.833,5650.994,933.314,1675.132,0.000,0.000,101.444
North America,1983,4751.368,10274.947,5337.409,993.733,1758.151,0.007,0.008,111.874
North America,1984,5111.620,10600.945,5702.672,1103.021,1794.213,0.018,0.015,130.923
North America,1985,5217.408,10577.358,5554.890,1290.017,1746.822,0.019,0.030,130.856
North America,1986,5136.763,11030.397,5210.829,1408.601,1778.572,0.015,0.039,144.104
North America,1987,5367.047,11292.589,5500.999,1545.814,1674.495,0.013,0.029,161.378
North America,1988,5620.824,11719.245,5781.152,1771.043,1584.542,0.005,0.026,162.016
North America,1989,5686.042,11828.131,6129.239,1769.179,1674.909,5.929,0.703,186.229
North America,1990,5696.907,11627.485,6131.658,1896.166,1737.066,7.832,1.033,216.853
North America,1991,5635.416,11403.613,6264.195,2037.184,1749.574,8.288,1.334,228.426
North America,1992,5677.621,11631.354,6480.356,2042.457,1681.988,8.269,1.150,246.774
North America,1993,5846.287,11725.947,6665.275,2057.297,1782.912,8.605,1.337,253.298
North America,1994,5891.733,12085.442,6848.821,2181.862,1722.280,9.871,1.414,253.633
North America,1995,5960.852,12052.832,7133.506,2262.365,1904.016,9.083,1.454,248.613
North America,1996,6230.166,12454.821,7271.089,2250.668,2078.256,9.346,1.537,254.761
North America,1997,6367.592,12687.562,7331.801,2094.837,2069.363,9.664,1.516,259.142
North America,1998,6450.754,12957.112,7236.261,2192.827,1922.703,8.907,1.505,260.693
North America,1999,6429.956,13245.317,7320.501,2359.904,1977.093,13.398,1.496,266.051
North America,2000,6725.472,13505.396,7643.197,2428.017,1887.535,17.076,1.507,268.832
North America,2001,6562.049,13548.293,7330.982,2470.108,1616.800,20.386,1.667,272.215
North America,2002,6625.218,13537.220,7621.209,2481.827,1776.694,30.685,1.737,288.904
North America,2003,6708.082,13788.379,7517.033,2421.804,1752.732,33.527,1.754,288.219
North America,2004,6731.343,14295.212,7569.074,2517.566,1746.491,42.283,1.963,293.173
North America,2005,6848.893,14374.834,7535.271,2487.496,1816.835,53.457,2.106,295.931
North America,2006,6753.080,14111.697,7533.933,2504.813,1843.262,79.601,2.310,295.704
North America,2007,6842.029,14222.218,7969.521,2532.237,1750.755,102.187,3.036,302.255
North America,2008,6711.075,13456.133,8030.985,2516.615,1820.353,159.111,4.491,297.771
North America,2009,5905.468,12806.355,7940.485,2469.464,1805.744,216.496,5.871,299.700
North America,2010,6258.779,12973.546,8290.135,2461.843,1742.757,277.018,8.727,312.531
North America,2011,5931.040,12792.410,8527.974,2421.817,1946.118,347.980,14.109,315.053
North America,2012,5262.968,12582.460,8846.604,2352.563,1832.395,409.557,26.288,322.367
North America,2013,5442.275,12682.881,9142.066,2417.043,1817.473,478.641,45.794,337.611
North America,2014,5421.017,12695.498,9351.395,2430.875,1782.400,523.730,81.200,345.932
North America,2015,4728.006,12905.511,9579.755,2409.652,1730.151,588.819,110.320,347.323
North America,2016,4357.688,13015.902,9608.165,2410.526,1768.644,690.910,151.819,350.232
North America,2017,4280.470,13071.514,9609.557,2396.983,1880.217,758.662,211.872,348.384
North America,2018,4063.650,13284.409,10534.057,2395.892,1833.132,813.917,257.904,343.069
North America,2019,3519.253,13218.356,10874.146,2385.380,1767.436,877.961,309.956,330.491
North America,2020,2819.940,11542.611,10659.023,2321.338,1789.740,994.060,385.585,321.362
North America,2021,3174.005,12555.775,10703.011,2277.307,1719.049,1100.135,483.724,319.145
North America,2022,2973.913,12771.600,11189.101,2234.955,1764.059,1239.726,586.620,308.389
North America,2023,2504.994,12775.235,11347.547,2235.292,1584.859,1202.381,682.048,295.124
North America,2024,2401.552,12803.618,11528.067,2246.123,1551.315,1293.091,851.122,288.310
South America,1965,66.625,748.868,136.253,0.000,109.949,0.000,0.000,0.000
South America,1966,67.298,797.459,144.377,0.000,122.487,0.000,0.000,0.000
South America,1967,71.300,816.936,155.309,0.000,129.591,0.000,0.000,0.000
South America,1968,68.369,883.470,163.178,0.000,137.641,0.000,0.000,0.000
South America,1969,74.434,919.499,168.627,0.000,148.432,0.000,0.000,0.000
South America,1970,82.698,963.914,168.846,0.000,174.668,0.000,0.000,1.784
South America,1971,76.895,1022.700,172.763,0.000,193.946,0.000,0.000,3.254
South America,1972,75.259,1095.892,183.046,0.000,220.247,0.000,0.000,3.549
South America,1973,78.596,1196.488,211.049,0.000,248.661,0.000,0.000,3.602
South America,1974,85.878,1262.292,225.839,2.878,286.385,0.000,0.000,3.825
South America,1975,90.089,1259.213,226.175,6.992,312.199,0.000,0.000,4.688
South America,1976,90.754,1320.342,265.034,7.144,348.159,0.000,0.000,4.742
South America,1977,103.453,1380.992,284.323,4.547,387.172,0.000,0.000,5.528
South America,1978,110.908,1445.550,290.747,8.044,425.168,0.000,0.000,6.137
South America,1979,117.433,1524.208,313.810,7.478,482.083,0.000,0.000,7.572
South America,1980,124.290,1545.674,332.270,6.500,541.201,0.000,0.000,7.517
South America,1981,122.718,1508.849,340.619,7.822,546.764,0.000,0.000,7.649
South America,1982,123.054,1499.739,374.743,5.194,592.763,0.000,0.000,9.073
South America,1983,135.773,1437.891,388.072,9.458,637.604,0.000,0.000,11.879
South America,1984,156.729,1409.725,420.168,17.456,702.792,0.000,0.000,11.390
South America,1985,179.825,1421.011,428.904,25.408,760.853,0.000,0.000,12.229
South America,1986,182.380,1499.647,465.950,16.264,818.414,0.000,0.000,12.859
South America,1987,199.665,1537.622,465.109,20.661,873.925,0.000,0.000,13.927
South America,1988,198.197,1589.618,501.544,17.794,906.791,0.000,0.000,13.459
South America,1989,214.542,1576.971,521.825,19.081,930.332,0.000,0.000,13.576
South America,1990,179.876,1568.366,540.368,26.439,966.401,0.000,0.000,17.113
South America,1991,190.329,1594.215,549.306,25.550,1034.659,0.000,0.000,17.742
South America,1992,200.238,1683.917,568.645,24.556,1055.765,0.000,0.000,23.122
South America,1993,202.431,1703.322,609.325,22.756,1137.632,0.000,0.000,23.317
South America,1994,215.740,1816.482,634.749,23.028,1208.901,0.000,0.000,24.863
South America,1995,219.180,1893.790,700.090,26.625,1253.256,0.000,0.000,26.039
South America,1996,225.474,1941.626,773.373,27.461,1298.593,0.033,0.000,29.582
South America,1997,242.630,2070.066,783.849,30.917,1374.591,0.053,0.000,31.417
South America,1998,237.445,2120.973,845.759,29.772,1405.669,0.106,0.000,30.187
South America,1999,234.507,2145.572,827.176,30.786,1401.990,0.104,0.000,33.809
South America,2000,236.410,2155.666,875.387,33.953,1481.658,0.104,0.005,32.493
South America,2001,222.496,2169.778,909.830,58.945,1384.375,0.258,0.008,37.057
South America,2002,212.984,2144.632,911.940,53.855,1440.284,0.393,0.013,41.871
South America,2003,222.673,2058.892,943.716,57.014,1493.933,0.404,0.018,47.948
South America,2004,234.224,2180.811,1059.851,52.791,1533.748,0.522,0.022,50.529
South America,2005,220.902,2244.436,1091.090,44.968,1611.443,0.600,0.026,54.457
South America,2006,255.377,2330.325,1160.605,57.420,1675.832,1.013,0.000,57.743
South America,2007,272.518,2486.787,1190.263,52.138,1726.479,2.098,0.000,72.577
South America,2008,292.824,2614.062,1197.767,56.366,1721.322,3.510,0.001,83.642
South America,2009,245.316,2606.805,1143.200,55.486,1760.096,3.837,0.001,94.559
South America,2010,301.767,2731.620,1240.755,56.597,1746.435,6.887,0.030,125.175
South America,2011,318.621,2858.726,1289.026,57.149,1845.226,8.371,0.104,131.287
South America,2012,336.937,3018.706,1383.286,57.836,1798.027,15.476,0.334,147.362
South America,2013,365.959,3148.202,1433.626,55.388,1727.410,20.275,0.714,167.881
South America,2014,383.017,3151.937,1484.237,53.161,1668.980,39.532,1.963,185.294
South America,2015,375.492,3019.527,1545.610,55.122,1618.573,68.992,4.624,196.613
South America,2016,359.226,2924.618,1535.020,60.677,1644.788,102.564,7.934,202.774
South America,2017,356.391,2874.700,1542.539,54.568,1678.208,129.241,13.659,211.383
South America,2018,346.337,2758.942,1474.021,56.084,1711.159,149.003,25.244,221.476
South America,2019,337.876,2738.847,1400.143,60.819,1688.914,179.626,38.228,219.164
South America,2020,299.862,2393.722,1283.847,59.416,1650.356,196.368,53.296,232.072
South America,2021,338.960,2666.482,1471.554,61.267,1569.325,246.137,78.503,222.163
South America,2022,304.478,2871.078,1409.648,54.123,1748.632,275.185,125.729,217.515
South America,2023,276.541,2930.037,1399.689,57.236,1775.935,311.473,184.424,231.810
South America,2024,265.416,2906.461,1471.182,63.967,1719.897,352.984,247.975,238.951
World,1965,16177.694,18011.457,6303.821,70.944,2564.439,0.000,0.000,56.204
World,1966,16359.431,19426.414,6868.814,95.648,2732.825,0.000,0.000,61.894
World,1967,16095.518,20778.916,7374.058,113.906,2793.729,0.000,0.000,62.458
World,1968,16333.144,22510.490,8044.348,144.759,2942.469,0.000,0.000,69.125
World,1969,16847.000,24445.395,8833.434,171.621,3115.951,0.000,0.000,72.681
World,1970,17087.006,26684.725,9614.809,219.096,3262.916,0.000,0.000,80.318
World,1971,16987.656,28116.584,10293.190,304.734,3409.006,0.000,0.000,87.151
World,1972,17168.227,30335.396,10861.714,422.709,3568.414,0.000,0.000,93.402
World,1973,17683.570,32730.184,11377.833,566.393,3619.480,0.000,0.000,100.300
World,1974,17696.432,32230.395,11659.859,740.556,3975.643,0.000,0.000,107.153
World,1975,18045.436,31996.514,11659.736,1027.356,4024.676,0.000,0.000,108.788
World,1976,18699.785,34061.469,12354.139,1201.865,4008.713,0.000,0.000,121.222
World,1977,19267.412,35194.340,12759.838,1495.966,4143.534,0.000,0.000,127.788
World,1978,19467.492,36709.973,13293.947,1738.318,4484.395,0.008,0.000,135.302
World,1979,20370.578,37177.996,14118.029,1807.944,4708.850,0.017,0.000,145.310
World,1980,20877.783,35568.645,14236.961,1977.567,4810.137,0.029,0.000,155.367
World,1981,21158.002,34289.961,14395.874,2335.419,4913.621,0.029,0.000,167.144
World,1982,21395.428,33270.012,14469.731,2533.826,5002.522,0.051,0.000,192.840
World,1983,22050.973,33097.430,14703.827,2871.702,5216.024,0.091,0.008,213.609
World,1984,23008.439,33623.602,15902.676,3484.912,5392.704,0.124,0.018,238.582
World,1985,23996.738,33684.684,16262.218,4135.893,5497.899,0.178,0.033,245.946
World,1986,24263.818,34710.477,16421.107,4429.821,5572.425,0.386,0.042,267.011
World,1987,25228.488,35508.195,17281.893,4818.703,5647.756,0.543,0.029,285.988
World,1988,25983.080,36641.938,18088.844,5253.470,5828.747,0.921,0.028,294.253
World,1989,26231.049,37215.688,18888.648,5402.807,5798.853,7.360,0.728,327.101
World,1990,25928.912,37906.816,19481.150,5557.211,5996.172,10.090,1.078,366.326
World,1991,25686.727,37876.832,19972.838,5823.083,6134.845,11.350,1.403,382.073
World,1992,25584.301,38404.773,20063.482,5867.286,6134.207,13.147,1.296,409.875
World,1993,25708.832,38246.242,20265.482,6069.346,6503.668,15.845,1.546,423.378
World,1994,25815.188,39068.176,20389.613,6183.274,6544.182,19.810,1.658,439.617
World,1995,25999.217,39666.371,21104.492,6451.471,6898.302,22.978,1.775,458.257
World,1996,26617.482,40576.629,22159.254,6685.042,6991.152,25.599,1.942,470.949
World,1997,26563.252,41652.086,22030.393,6639.067,7114.876,33.412,2.082,504.412
World,1998,26395.965,41788.617,22434.000,6753.319,7169.259,44.248,2.255,525.679
World,1999,26508.807,42435.785,23071.904,7010.293,7223.524,58.964,2.515,552.025
World,2000,27456.373,43016.629,23994.258,7168.521,7351.893,87.249,2.939,577.878
World,2001,27880.072,43398.320,24316.832,7330.212,7123.229,106.022,3.928,600.235
World,2002,28982.217,43697.090,25051.928,7386.150,7194.918,143.512,4.923,646.156
World,2003,31519.594,44610.883,25727.734,7197.059,7146.958,172.438,6.138,682.599
World,2004,33708.973,46413.184,26781.619,7483.358,7632.875,232.028,8.044,737.757
World,2005,36200.953,47016.887,27439.225,7442.488,7825.955,281.256,11.242,798.361
World,2006,38087.039,47436.953,28171.709,7494.948,8080.835,356.959,15.388,850.216
World,2007,40241.703,48087.520,29338.285,7303.106,8171.303,456.129,20.760,922.815
World,2008,40796.645,47692.652,30050.746,7222.835,8579.401,584.202,33.458,987.290
World,2009,40219.008,46633.969,29403.605,7083.252,8520.561,726.502,55.274,1056.994
World,2010,42016.016,48192.543,31592.871,7209.022,8932.585,902.107,88.336,1182.441
World,2011,43983.352,48578.273,32349.885,6871.570,9048.125,1142.297,170.320,1240.743
World,2012,44098.684,49362.211,33246.438,6367.377,9385.139,1368.069,261.639,1339.848
World,2013,44745.465,49922.812,33733.266,6368.981,9687.964,1626.221,354.500,1441.806
World,2014,44912.371,50336.395,33976.355,6465.966,9895.858,1797.047,502.021,1569.092
World,2015,43695.344,51294.031,34780.043,6519.850,9820.672,2105.701,649.452,1669.679
World,2016,42767.824,52314.516,35583.984,6566.976,10090.338,2418.755,824.158,1709.845
World,2017,43226.340,53263.332,36603.055,6592.505,10171.045,2856.328,1114.711,1800.718
World,2018,43897.328,53792.789,38317.059,6716.976,10419.392,3162.159,1431.775,1952.104
World,2019,43627.613,53997.266,39053.180,6920.192,10501.549,3520.444,1748.829,2038.120
World,2020,42316.324,49101.246,38704.047,6639.518,10763.280,3940.165,2116.744,2152.290
World,2021,44642.164,51846.820,40225.734,6903.327,10575.532,4582.781,2593.081,2317.554
World,2022,44926.926,53562.109,40059.652,6583.331,10650.595,5184.602,3249.746,2379.479
World,2023,45319.086,54838.684,40151.219,6677.130,10392.080,5665.208,4026.582,2411.358
World,2024,45850.543,55292.082,41278.270,6871.835,10860.753,6124.465,5150.569,2476.357
